place_id,place_title,avg_sentiment,review_count,lat,lng,geometry,x_3857,y_3857
ChIJ--1e-luvfkcRBdKpK0JtAiA,Prebateo,0.4355,10,45.4355861,12.3453558,POINT (12.3453558 45.435586099999995),1374278.7213177865,5690358.262701214
ChIJ-0AUBqmxfkcRUZrym8diCjU,Super Zaz¨¤ - Comic Shop and Vegan Bar,0.7896857142857143,14,45.437368,12.3204793,POINT (12.320479299999999 45.437368),1371509.4820050676,5690640.948055135
ChIJ-0Lez3hiwokRyWaRo3Qw0Ks,Northwell Health,-0.5719,1,40.7539312,-73.7083135,POINT (-73.7083135 40.7539312),-8205171.926050972,4976114.043681498
ChIJ-0gENwCxfkcRq5KsSZ142x0,Fusina Restaurant,-0.2701125,8,45.4202618,12.2565422,POINT (12.2565422 45.4202618),1364392.036590269,5687927.543382444
ChIJ-4jbbQCxfkcRIACAnfq5_Jo,Fish market,-0.081025,4,45.440379,12.3159547,POINT (12.315954699999999 45.440379),1371005.8058370245,5691118.641388385
ChIJ-6E3ZMWxfkcRd4cCWPhkN5o,Caffe Dei Frari,0.9483,6,45.4373345,12.3272515,POINT (12.3272515 45.4373345),1372263.359860618,5690635.633443728
ChIJ-6fKyyC0fkcRtm3qVQtyvs8,Trattoria Belvedere,0.2115166666666666,12,45.4766883,12.231101,POINT (12.231100999999999 45.4766883),1361559.935161099,5696881.098380712
ChIJ-Y0oyMWxfkcR7QIwLAEhQoc,Campo San Stin,0.0825999999999999,10,45.4379975,12.3268917,POINT (12.3268917 45.437997499999994),1372223.3071078302,5690740.815742758
ChIJ-aUb-u6xfkcRmEK5Dpevakw,Despar,0.6711833333333334,12,45.4361498,12.3392635,POINT (12.3392635 45.436149799999995),1373600.5295840267,5690447.688602776
ChIJ-zM-I8KxfkcRD-Aamsp_q7s,Goppion Caffetteria,0.64025,16,45.4440395,12.3286918,POINT (12.3286918 45.444039499999995),1372423.6933232073,5691699.411840179
ChIJ01BjfdCxfkcRlnsWjSs7NtU,Al Vecio Canton,0.985,1,45.4359757,12.3425492,POINT (12.342549199999999 45.4359757),1373966.2920349261,5690420.069118641
ChIJ03wUaMaxfkcR8U1wvAXc-cs,Trattoria Pizzeria San Toma',0.9636333333333336,3,45.4360244,12.3270001,POINT (12.3270001 45.4360244),1372235.3741406323,5690427.794950823
ChIJ04eNJOmvfkcRG6Py76eHhSM,Acquerello Restaurant Venice,0.2966285714285714,7,45.412185,12.3352132,POINT (12.3352132 45.412185),1373149.6522504666,5686646.678000152
ChIJ0R47P1WxfkcRc7Tit9CJS4I,Muschieri Venezia flagship store,0.0037,16,45.4343128,12.3361901,POINT (12.3361901 45.4343128),1373258.4002610226,5690156.268471742
ChIJ0TUq0MSxfkcRoeISOD1A4ps,Trattoria Antiche Carampane,0.9561,2,45.4386525,12.3311096,POINT (12.3311096 45.438652499999996),1372692.8415880473,5690844.730087378
ChIJ0X82SduxfkcR9IV-rzV2xTk,Ostaria al Garanghelo,0.9896,1,45.4393384,12.3327168,POINT (12.3327168 45.4393384),1372871.7542736502,5690953.547943674
ChIJ0XV8_NmxfkcRCh2nR-5OjGM,Trattoria le Colonete,0.9811,1,45.435243,12.3370143,POINT (12.3370143 45.435243),1373350.1497853345,5690303.833429779
ChIJ0aFM2dCxfkcRwJXerh4XVQc,FERRAGAMO Venice Store,0.9395,1,45.4328999,12.335295,POINT (12.335294999999999 45.432899899999995),1373158.7581848134,5689932.133660969
ChIJ0aMhWsKxfkcR5qtwuNrNGDw,Trattoria Della Maddalena,0.9666,1,45.4435651,12.3305993,POINT (12.3305993 45.4435651),1372636.0352518954,5691624.1419912055
ChIJ0c1CtrmxfkcRZvnl2JFuud4,Intesa Sanpaolo S.p.A.,-0.4588,1,45.4372982,12.3196331,POINT (12.319633099999999 45.4372982),1371415.2834519583,5690629.874629556
ChIJ0ebQM9ixfkcRDTR5teRWxMo,All'Angelo Art Caf¨¦,0.9267,2,45.4357261,12.339913,POINT (12.339913 45.4357261),1373672.8315932967,5690380.472350351
ChIJ0wOpfpu2fkcR8gwGfC__9tE,Trattoria di Pesce,0.20422,10,45.47084,12.2246591,POINT (12.2246591 45.470839999999995),1360842.826133358,5695952.694855765
ChIJ1RJuVPCxfkcREhdHIabY_4M,Pizzeria Trattoria Conca D'Oro,0.3513666666666666,6,45.4351411,12.3413051,POINT (12.3413051 45.435141099999996),1373827.7994564301,5690287.668110947
ChIJ1eNypSevfkcRPP62CI0ZpH0,SMALL GROCERY SHOP,0.6598571428571428,14,45.4343695,12.3476967,POINT (12.3476967 45.434369499999995),1374539.3091137845,5690165.263170052
ChIJ20nF8DCufkcRig79nN4RFr0,Il Bello Delle Donne - Parrucchiera,0.0,1,45.4311273,12.3569085,POINT (12.3569085 45.4311273),1375564.761999074,5689650.945924295
ChIJ25RP5s-xfkcRwOewhq7HKJg,Pisanino Restaurant,0.9659714285714286,14,45.4316136,12.3304038,POINT (12.3304038 45.4316136),1372614.2722914454,5689728.086868725
ChIJ25omts-xfkcREn6YRo0uh4Q,Palazzina The Restaurant,0.940425,16,45.4340131,12.3280716,POINT (12.3280716 45.4340131),1372354.6529750172,5690108.725216522
ChIJ25yBSgCxfkcR2_4rMqqn9vw,Supermarket Despar,0.1460125,16,45.4393463,12.3333856,POINT (12.3333856 45.4393463),1372946.2047490927,5690954.801284321
ChIJ2Q9KT9ikfkcRsfHSFjBfP1A,Trattoria SCARPA,0.81255,4,45.3491588,12.3193724,POINT (12.319372399999999 45.3491588),1371386.2624607086,5676657.906042846
ChIJ2S04siKxfkcRO7EL0_GdqN4,Dudubags store,0.2579625,16,45.4351961,12.339003,POINT (12.339003 45.4351961),1373571.530856675,5690296.393254875
ChIJ2STVa_KxfkcRuSMGAyXWXmY,Osteria Da Noi 2019,0.93536,10,45.4342734,12.3478522,POINT (12.3478522 45.434273399999995),1374556.619294603,5690150.018192879
ChIJ2UU1lMSxfkcRtcjQsjS4BWk,Bar Da Fiore,0.7683142857142856,14,45.439781,12.3304692,POINT (12.3304692 45.439780999999996),1372621.5525861434,5691023.767020563
ChIJ2eKjbcixfkcR9U0eo0hX_0M,Majer - Piazzale Roma bakery pastry coffee bar,0.91058,10,45.436142,12.320126,POINT (12.320126 45.436142),1371470.1528289705,5690446.451197297
ChIJ2faDPNixfkcRup6eP5HPVD8,MAJER Via Garibaldi,0.8190999999999999,10,45.4320758,12.3523389,POINT (12.3523389 45.4320758),1375056.076453945,5689801.405487103
ChIJ30OM4cCxfkcRhhW2TOfXnWA,La Lista Venezia,0.9851,1,45.4426324,12.3241774,POINT (12.3241774 45.4426324),1371921.1526139702,5691476.158617175
ChIJ3Q5kMWGxfkcR4fo9rJXId18,Caffe Aurora,0.9159333333333332,6,45.4337883,12.3387063,POINT (12.3387063 45.433788299999996),1373538.5023637565,5690073.063974923
ChIJ3SGHKkyxfkcRnA9Gwu-N5dU,Pasta Go ? Espresso,0.13155,2,45.4366763,12.3399727,POINT (12.339972699999999 45.436676299999995),1373679.4773668973,5690531.213867954
ChIJ3Xj28yaufkcRKE_WFThjqq4,Piscopo Marco M.M. Acconciatore,-0.0290428571428571,14,45.4367608,12.3475286,POINT (12.347528599999999 45.436760799999995),1374520.5963073822,5690544.619230001
ChIJ3ZSea341W4YRN-nvR4qTReI,The Hospital at Westlake Medical Center,0.9741,1,30.2958413,-97.8252504,POINT (-97.8252504 30.2958413),-10889857.061252482,3541634.4486587294
ChIJ3bczPwCxfkcRyv3MQvyfVAM,Coop Supermarket,0.1191,2,45.436873,12.339815,POINT (12.339815 45.436873),1373661.9222831992,5690562.41904353
ChIJ3faXZgCxfkcRcXIYPtxDyvU,Ospedale SS. Giovanni e Paolo - Pronto Soccorso - entrata notturna,0.96355,2,45.441189,12.3436568,POINT (12.3436568 45.441189),1374089.5895029285,5691247.151750955
ChIJ3zkWVM-xfkcRj-3yBrK8NlI,La Tecia Vegana,0.9854,1,45.4330017,12.3136035,POINT (12.3136035 45.4330017),1370744.0714502712,5689948.282474543
ChIJ4-oBU9uxfkcR-IOuYizj27k,SUSY STUDIO,0.0,1,45.4398341,12.3324934,POINT (12.332493399999999 45.4398341),1372846.8854994073,5691032.191442979
ChIJ42vDtj-0fkcRkafThDzkr4w,Trattoria Da Terzo,0.67925,2,45.4910345,12.2414721,POINT (12.2414721 45.4910345),1362714.4407320651,5699158.931210202
ChIJ464g_96xfkcR15BseVSeynA,Squero Vecio,0.0,2,45.4414527,12.3420333,POINT (12.342033299999999 45.4414527),1373908.8623096258,5691288.9894115245
ChIJ46E3ZMWxfkcRqq6RL98pX24,Conad city,0.7974,2,45.4371713,12.3281327,POINT (12.3281327 45.437171299999996),1372361.4545959048,5690609.74260582
ChIJ4SjT2s6xfkcRfdU0tYuMN4s,Majer - Santa Margherita Bakery Pastry Coffee Bar,0.8465999999999999,10,45.4334123,12.3242984,POINT (12.3242984 45.4334123),1371934.6222723562,5690013.4173758635
ChIJ4W9dmDF5bIcRy_9o4C-lk1s,Intermountain Health Saint Joseph Hospital,0.36805,12,39.746693,-104.9712458,POINT (-104.97124579999999 39.746693),-11685345.630391557,4829200.38554778
ChIJ4WlQMySxfkcR4oWWUROuE8s,Banca Monte dei Paschi di Siena S.p.A.,-0.296,1,45.4378818,12.3370665,POINT (12.337066499999999 45.4378818),1373355.9606627538,5690722.460311361
ChIJ4_418yOufkcR5QF1M5Eh3_4,Trattoria da Bruno,0.35522,10,45.4372485,12.3394719,POINT (12.3394719 45.437248499999995),1373623.7285659078,5690621.989978145
ChIJ4bDF-U6vfkcRvTHk4UHdAig,SeanStyle,0.4738,1,45.434873,12.3471236,POINT (12.3471236 45.434872999999996),1374475.5119136106,5690245.137122026
ChIJ4bQcVlWxfkcRNTc2TirrjhA,Caff¨¨ Poggi dal 1919,0.83186,10,45.4306598,12.3293217,POINT (12.3293217 45.4306598),1372493.8134704581,5689576.787818605
ChIJ4y7NXY6xfkcRpT-Jozwi4t0,MEA Libera Tutti,0.9437266666666668,15,45.4374562,12.3397949,POINT (12.3397949 45.4374562),1373659.684761434,5690654.940569511
ChIJ56UT99exfkcRW1lhaYWrYu0,Bar Trattoria Chinellato,0.1743,6,45.4344634,12.3414119,POINT (12.341411899999999 45.4344634),1373839.688378047,5690180.159171782
ChIJ5SLI0rOvfkcRbDU8y08plWs,CONAD CITY,0.70855,2,45.417673,12.369029,POINT (12.369029 45.417673),1376914.0098872338,5687516.976643797
ChIJ5TrAJ-2vfkcRKeZOZp7mxs4,Antica Fornace De Majo Restaurant & Terrace,0.8736333333333334,6,45.4562331,12.3588856,POINT (12.358885599999999 45.4562331),1375784.8517643213,5693634.305390373
ChIJ5UUtOgKufkcR2bfPcsS-Dts,Supermercato Coop,0.8348,3,45.4562161,12.3543872,POINT (12.3543872 45.4562161),1375284.0921669367,5693631.6075208895
ChIJ5aMYsaWxfkcR1vVOTJ63MfU,Trattoria Santo Stefano,0.97485,2,45.4326567,12.3302117,POINT (12.3302117 45.432656699999995),1372592.887817264,5689893.554294988
ChIJ5wciOvqxfkcR2w_N8JSx1qw,Venice Art Beauty,0.9083,1,45.4437886,12.3291101,POINT (12.3291101 45.4437886),1372470.2582662061,5691659.60315022
ChIJ607_Mw2xfkcRvL0fys006qE,Parfin Dolse Gourmet,0.3923333333333333,6,45.4424393,12.307737,POINT (12.307737 45.4424393),1370091.0156575325,5691445.52143007
ChIJ60dIRQURyYcRQMqqWxBa8Zo,Mercy Emergency Department - Northwest Arkansas,0.622,1,36.3084066,-94.182968,POINT (-94.182968 36.3084066),-10484400.039159179,4343141.046711855
ChIJ60rt1M6xfkcRJmFX8JpJ7LQ,Ristorante Pizzeria Ai Sportivi,0.9018666666666668,3,45.4338115,12.3236226,POINT (12.3236226 45.4338115),1371859.3925604783,5690076.744310008
ChIJ62Liw9ixfkcRM7UyC4-A7MA,Fastweb Store,0.0,1,45.4438267,12.3280681,POINT (12.3280681 45.443826699999995),1372354.2633567995,5691665.648220873
ChIJ62vLaiu0fkcR7LLPL-jLV4o,Trattoria Siora Rosa,0.8628,2,45.4806627,12.2162086,POINT (12.2162086 45.480662699999996),1359902.1207764093,5697512.07978962
ChIJ63fGUcexfkcRiHYkSRgFFOc,Euronet ATM (Forexchange),0.04612,10,45.4412062,12.3211952,POINT (12.3211952 45.441206199999996),1371589.1756285266,5691249.880632979
ChIJ65XK9lepfkcRFOLOOc9cpOw,Trattoria Al Funghetto,0.9893,1,45.4493054,12.4600984,POINT (12.4600984 45.4493054),1387051.8091220828,5692534.959194547
ChIJ6Q5pXQBnZIgRQ4GpnUv0O_c,Vanderbilt Hospital,0.8126,1,36.1410616,-86.8012877,POINT (-86.8012877 36.1410616),-9662675.14696444,4320048.630641364
ChIJ6THq-5mxfkcRWtP4HQOYbXM,Nonna Bruna,0.95085,4,45.4356925,12.3258002,POINT (12.3258002 45.435692499999995),1372101.8018836295,5690375.142029533
ChIJ6f-9T9qxfkcRnA0o_f8LfSQ,Supermercato Despar Rialto,0.7349,2,45.4369665,12.3350711,POINT (12.335071099999999 45.4369665),1373133.833750825,5690577.252248507
ChIJ6yHgwLixfkcRx9UiMxQnVs0,Station Garden,0.0,1,45.4407919,12.3186528,POINT (12.318652799999999 45.4407919),1371306.156955134,5691184.149711811
ChIJ72z9TyOufkcRfMNTrKRC1T0,Ristorante - Pizzeria da Roberto,0.8748,1,45.4350183,12.3423792,POINT (12.3423792 45.435018299999996),1373947.367721491,5690268.187274829
ChIJ73ef9TaufkcRBJMLBznitp4,Trattoria Da Mario,-0.24215,2,45.4288367,12.3615611,POINT (12.3615611 45.4288367),1376082.6870619387,5689287.600868599
ChIJ75dtaWXywokRNJAsrnm27sE,Saint Joseph's Medical Center,0.0085,2,40.9295654,-73.8975296,POINT (-73.8975296 40.9295654),-8226235.365952861,5001958.120895943
ChIJ75inZtixfkcRj_rA0Q5efss,Trattoria Agli Artisti,0.97315,4,45.4364733,12.3420953,POINT (12.342095299999999 45.436473299999996),1373915.764118055,5690499.009352411
ChIJ78pCMHWvfkcRtyCSkOwez_c,Vetri Restaurant,0.47395,6,45.4560629,12.3562407,POINT (12.356240699999999 45.4560629),1375490.4228431222,5693607.294992576
ChIJ7RD-ysWxfkcRJxWvL01wTPg,La Bottiglia,0.90015,12,45.4377713,12.3272394,POINT (12.3272394 45.4377713),1372262.0128947792,5690704.929878311
ChIJ7SflatDTD4gRVNyCgW82olg,Weiss Memorial Hospital,0.1127285714285714,14,41.9668227,-87.6497799,POINT (-87.6497799 41.9668227),-9757128.866610505,5156010.940264751
ChIJ7Sym6tixfkcRS9s7MPlSBfw,ATM (Euronet),0.0,1,45.4379766,12.3423216,POINT (12.3423216 45.4379766),1373940.9557188216,5690737.50002246
ChIJ7TaZImArT4gRN0SZBf-moIw,CAMC Memorial Hospital: Emergency Room,-0.8698,1,38.3304223,-81.60220249999999,POINT (-81.60220249999999 38.330422299999995),-9083915.629909595,4626209.135350889
ChIJ7UEXXTCufkcRdPJ-681QOiA,Trattoria alla Rampa,0.9672,2,45.4323947,12.3555795,POINT (12.3555795 45.432394699999996),1375416.8183958095,5689851.992828513
ChIJ7X-GKRexfkcRx7ca9m10OoU,Trattoria Pizzeria San Zulian,0.3734,2,45.4359939,12.338979,POINT (12.338979 45.4359939),1373568.859188896,5690422.956389846
ChIJ7bu4GKOvfkcRZw6p6gPTJhY,Elimar Beach Bar & Restaurant,0.3760875,8,45.403763,12.3663125,POINT (12.3663125 45.403763),1376611.6104904937,5685311.263888807
ChIJ7eLrdpWxfkcRXzu8qn2v3GY,Trattoria Da Gigio,0.88,1,45.4436665,12.3271264,POINT (12.3271264 45.4436665),1372249.4337923194,5691640.2303922465
ChIJ7ed1oTZ5bIcRoXF9yFl5_ew,HCA HealthONE Presbyterian St. Luke's,0.5019666666666667,18,39.7467952,-104.9673352,POINT (-104.9673352 39.7467952),-11684910.304390859,4829215.182237864
ChIJ7fgaSa-vfkcRaKoYQt-57Yc,TRATTORIA GARIBALDI,0.9538,6,45.4323794,12.3533935,POINT (12.3533935 45.432379399999995),1375173.4739889354,5689849.565771737
ChIJ7yQKOESvfkcR_EuF0e0pq4c,La Perla Ai Bisatei,0.98975,2,45.4574078,12.3534738,POINT (12.3534738 45.4574078),1375182.4129440463,5693820.730141637
ChIJ84pUQ8mvfkcRqVPOJ64R9lA,Trattoria La Battigia,0.5729500000000001,8,45.4183393,12.3755773,POINT (12.3755773 45.4183393),1377642.9633087954,5687622.645664531
ChIJ874TlM2xfkcRURx51s9br00,Truccatrice a venezia sara venice sole lagunare,0.0,1,45.4384835,12.3390319,POINT (12.3390319 45.4384835),1373574.7479899589,5690817.918484521
ChIJ8XDj8TCufkcRJGwKLaDr_5M,Trattoria Dai Tosi,0.9749,3,45.4312206,12.3572464,POINT (12.3572464 45.431220599999996),1375602.376855013,5689665.745893569
ChIJ8_8dFyaufkcR7JMR2_IHCXM,Cantina Antica Vigna Barwine di Benettelli Ferdinando,0.5973833333333333,12,45.434642,12.347172,POINT (12.347171999999999 45.434642),1374480.8997769654,5690208.49178448
ChIJ8c4ZRNuxfkcRBJ6LsHdv7XM,Farini,0.7081500000000001,4,45.4391291,12.3342051,POINT (12.3342051 45.439129099999995),1373037.431071798,5690920.342412968
ChIJ8dgmsdixfkcRDo9ch-rzKsM,Osteria Alla Staffa,0.8661000000000001,2,45.438392,12.3428127,POINT (12.3428127 45.438392),1373995.62472075,5690803.402176839
ChIJ8x55HQCvfkcR4chZk-VYnXw,Supermarket Luna Market,0.0,3,45.4365315,12.3476479,POINT (12.3476479 45.4365315),1374533.8767226338,5690508.242359308
ChIJ9-ugKwCxfkcRqkhJnaVMXm0,Trattoria Bar Pizzeria,0.2622285714285714,7,45.4383367,12.3181889,POINT (12.318188899999999 45.4383367),1371254.5158433549,5690794.628944373
ChIJ94oh6gavfkcRgKz4weAJrCA,CAFES DO BRASIL di Maria Jose Dos Passos,0.7961125,16,45.4159118,12.3702393,POINT (12.3702393 45.415911799999996),1377048.739866941,5687237.672607937
ChIJ9QINYMOxfkcR6hH0Shnsxbo,Ca' Ve Caff¨¨ S.r.l.,-0.205925,8,45.44048,12.33105,POINT (12.33105 45.44048),1372686.206946396,5691134.665419332
ChIJ9S2czduxfkcRTmOXhLOne9A,CrÃ©dit Agricole Italia,0.0644,1,45.437479,12.336918,POINT (12.336917999999999 45.437478999999996),1373339.429718371,5690658.557685629
ChIJ9SuaEXGxfkcRdwM6ljh9unk,TRATTORIA AL POGGIO,0.9371,1,45.4437003,12.3259961,POINT (12.3259961 45.443700299999996),1372123.6093718759,5691645.593199021
ChIJ9TxT0sixfkcRSu2E-V89JJw,The Caffe Rosso,0.4196,16,45.4345049,12.3235591,POINT (12.323559099999999 45.4345049),1371852.3237728127,5690186.742609627
ChIJ9WhZuDCxfkcRuamB_hLk1NY,Texhair Venezia,0.8357,2,45.4411952,12.3372195,POINT (12.3372195 45.441195199999996),1373372.9925448452,5691248.135417634
ChIJ9YFLCwCxfkcR3ddyifUm9HM,Starbucks - Venezia Rialto,0.39575,16,45.4372878,12.336584,POINT (12.336584 45.4372878),1373302.249008446,5690628.224722046
ChIJ9app8iK0fkcRJ8Jbpvo6-5E,Trattoria Dalmazia,0.9677,1,45.4824529,12.2375445,POINT (12.2375445 45.4824529),1362277.2223000256,5697796.309032758
ChIJ9bTJuc6xfkcRXdZODEaPNc4,Dal Nono Colussi,0.6661166666666666,12,45.4326899,12.3239793,POINT (12.3239793 45.4326899),1371899.1002228442,5689898.82087627
ChIJ9d7HNtexfkcR0hzPtTFWAo4,"Ristorante ""Dallo Zio"" San Marco",0.2711,1,45.4355535,12.338746,POINT (12.338745999999999 45.4355535),1373542.921747541,5690353.091033681
ChIJ9wejcJWxfkcRVsZ54M2dJUA,Trattoria Alla Fontana,0.9364,2,45.4445646,12.3241248,POINT (12.3241248 45.4445646),1371915.2972087546,5691782.726654309
ChIJA9tf5O2xfkcRwmk91TVz0wI,Trattoria San Polo,0.6468,4,45.4373134,12.3304649,POINT (12.330464899999999 45.4373134),1372621.073912333,5690632.286033386
ChIJAQBQz8CxfkcR4qyIvcYaZt0,Supermercato Despar Cannaregio (ex Brek),0.32985,2,45.441884,12.3228477,POINT (12.322847699999999 45.441883999999995),1371773.1310870624,5691357.418285795
ChIJA_xkDjCufkcRVszfhzMNfoc,Bar Mio,0.8718250000000001,8,45.4325521,12.3551792,POINT (12.3551792 45.432552099999995),1375372.257203645,5689876.96141157
ChIJAcPbGcGxfkcRM93r37RUrP4,Trattoria Alle Lanternine,0.9759272727272728,11,45.4428932,12.3324939,POINT (12.3324939 45.4428932),1372846.9411591524,5691517.537232084
ChIJAf_ree6fToYRyJoKl8nAOSg,Texas Health Presbyterian Hospital Dallas,0.9785,1,32.8812304,-96.7623099,POINT (-96.76230989999999 32.8812304),-10771531.066048935,3879549.875649788
ChIJAxMyw82xfkcRssnrRVu2dqo,Gelateria lo Squero,0.9207666666666666,12,45.4308663,12.3266749,POINT (12.326674899999999 45.4308663),1372199.1730422263,5689609.544210941
ChIJAy5F1S-ufkcReQqjg_LgAwo,Giardini della Marinaressa,0.6124,1,45.4314603,12.3525968,POINT (12.352596799999999 45.4314603),1375084.7857506208,5689703.76907792
ChIJBRIbDPWxfkcRTXyHjS-4gs8,da Aldo,0.4215,1,45.4394493,12.3299533,POINT (12.3299533 45.4394493),1372564.122860843,5690971.142324011
ChIJBW7-xK1awokRVkH2JgeMG9o,NYU Langone Hospital - Brooklyn - Emergency Department,0.9985,1,40.6459374,-74.0204237,POINT (-74.0204237 40.6459374),-8239915.874586358,4960256.949751817
ChIJBXRYs9-xfkcRAZHbTwh_0vo,AMO Gourmet SAS Bar,0.3883,16,45.4380526,12.3317356,POINT (12.3317356 45.4380526),1372762.5275892839,5690749.557193066
ChIJBchrhcGxfkcRKvtKrsFGLUQ,Flying Tiger Copenhagen,0.325,1,45.4438025,12.3273253,POINT (12.3273253 45.4438025),1372271.5752390386,5691661.808569223
ChIJBdfMVjCufkcR2KNvuW0YIgY,Trattoria Ai Tosi Grandi,0.5405,8,45.4311806,12.3566688,POINT (12.3566688 45.4311806),1375538.0787171307,5689659.400780487
ChIJBek0KtGvfkcR3TzjUgUYKmo,bistrot 3.0,0.9839,1,45.4533319,12.3528395,POINT (12.3528395 45.453331899999995),1375111.802991036,5693173.9019319
ChIJBwpDi8exfkcRlj7SnwZHRGg,Koko Bar,0.68712,10,45.438147,12.319563,POINT (12.319562999999999 45.438147),1371407.479955654,5690764.533490749
ChIJC-ODalKsfkcRQbS8KvEJKB0,Trattoria Cafe' Vecio,0.8061166666666666,36,45.4846572,12.4184899,POINT (12.418489899999999 45.4846572),1382419.972089411,5698146.297152479
ChIJC1woG5WxfkcRNPEkno7jC30,MS FASHION Parrucchiere Estetica,0.649,1,45.4378707,12.3334845,POINT (12.333484499999999 45.4378707),1372957.2142467324,5690720.699334182
ChIJC9bavOOxfkcRQ1E-5SEBVZw,Ristorante Wist¨¨ria,0.959575,4,45.4357728,12.3266918,POINT (12.326691799999999 45.435772799999995),1372201.054341621,5690387.880866997
ChIJCQ7qZgCxfkcRlbTHDgHEEOA,Parchetto di Sacca Fisola,0.0,1,45.4274573,12.3151257,POINT (12.3151257 45.4274573),1370913.5219791566,5689068.8014815245
ChIJCYDhhN6xfkcRYmJSF2HgGsU,Trattoria Cea,0.6526,1,45.4409178,12.3398308,POINT (12.3398308 45.4409178),1373663.6811311536,5691204.124372261
ChIJCyqRDTCufkcRRl6tW0Q_Ogw,Caff¨¨ La Serra,0.81315,4,45.4307856,12.355386,POINT (12.355386 45.4307856),1375395.2780743411,5689596.743030274
ChIJCzmoINGxfkcRsEahuZ5D2Fs,Restaurant La caravella,0.9312,6,45.4329338,12.3341427,POINT (12.3341427 45.4329338),1373030.4847355722,5689937.511307835
ChIJDSpovNOxfkcRFQ9KM9XzE9o,L'arte di Casanova,0.8836,1,45.4433727,12.3249735,POINT (12.324973499999999 45.4433727),1372009.7740605907,5691593.615361023
ChIJDXW9lr2vfkcRXiUK8GgOKVc,Park Giardini Marinaressa,0.1779,1,45.4309018,12.3540526,POINT (12.3540526 45.4309018),1375246.8446653173,5689615.175467216
ChIJDbXXRsKxfkcRQOvtOXH0JU0,Queen restaurant,0.9697333333333332,6,45.4438079,12.3296126,POINT (12.329612599999999 45.443807899999996),1372526.19631033,5691662.665350854
ChIJDx6vzHizfkcR52UNmIWqW-o,Trattoria Alla Pesa,-0.2144,1,45.509426,12.2822057,POINT (12.282205699999999 45.509426),1367248.8843422423,5702079.909600081
ChIJDxfGMoqxfkcRTAlVaovUJNs,RistoPub Rossini,-0.7838,1,45.4351397,12.3330878,POINT (12.3330878 45.4351397),1372913.0538047347,5690287.446016484
ChIJDzksoeKxfkcRP8qrNYlqFuY,Despar Murano,-0.2455999999999999,2,45.4521331,12.3493547,POINT (12.3493547 45.4521331),1374723.8768295196,5692983.666304146
ChIJE1SUTcGxfkcRV6uPsqrHtM4,Trattoria-Pizzeria All'Anfora,0.9856,1,45.4410019,12.3254051,POINT (12.3254051 45.441001899999996),1372057.819552817,5691217.467279887
ChIJE69fW8ixfkcRHjkrAqgo0h4,Punto Immagine,0.0,1,45.4352118,12.3203932,POINT (12.3203932 45.4352118),1371499.8973969102,5690298.883888429
ChIJE7IZRNuxfkcRHdDuaYosSmE,Sora Al Ponte,0.8361,1,45.4394452,12.3332733,POINT (12.3332733 45.439445199999994),1372933.7035702767,5690970.491854872
ChIJE8fuDBCxfkcRhpuO0iywaxs,Trattoria Al Bomba,0.9914,1,45.4408887,12.3353621,POINT (12.3353621 45.440888699999995),1373166.2277226455,5691199.507508736
ChIJEbIZRNuxfkcRwXqY8Zf2GJY,Vineria Pizzeria,0.0,1,45.4393127,12.3332009,POINT (12.3332009 45.439312699999995),1372925.6440391433,5690949.470621518
ChIJEbrfQtqgD4gRIEwmgDIXpOE,Francesca's Famiglia,0.9885,1,42.1534388,-88.1354106,POINT (-88.1354106 42.153438799999996),-9811189.028848086,5183991.6153816795
ChIJEw3WlCaxfkcRZoh-6RyRQUc,Bialetti,0.5242166666666667,12,45.4400243,12.3364359,POINT (12.3364359 45.4400243),1373285.7625918596,5691062.3671227945
ChIJF-6zwtSxfkcRb-oypn1GfjI,Ai 3 San Marchi,0.9622,1,45.4417987,12.3341962,POINT (12.3341962 45.4417987),1373036.4403283298,5691343.884780406
ChIJF-TCvtCxfkcRVE4FUvBHNFM,Ristorante Trattoria Venezia,0.145225,16,45.4343538,12.3361065,POINT (12.3361065 45.4343538),1373249.0939515922,5690162.772573672
ChIJF3XtdpWxfkcRwJKGS5tn2sE,Trattoria Bar Pontini,0.7664799999999999,5,45.4440018,12.325357,POINT (12.325356999999999 45.444001799999995),1372052.46508531,5691693.430212251
ChIJF9QeN3uxfkcR42F_5PRl7j4,Jimmy Choo,-0.0344,16,45.4333073,12.3366553,POINT (12.3366553 45.433307299999996),1373310.1860881397,5689996.760816791
ChIJFQuBgYDtwokRhoox3s-33i4,St. John's Riverside Hospital,0.2105,1,40.9689384,-73.8862434,POINT (-73.8862434 40.9689384),-8224978.99191587,5007761.163941648
ChIJFRwrfMmxfkcRBHl5YPBM93k,BAR El Borrachero,0.6117,12,45.4310905,12.3264978,POINT (12.3264978 45.431090499999996),1372179.458360407,5689645.108429745
ChIJFSXAXMuxfkcRORNFEhSPe6M,Aromi Restaurant,0.9289857142857144,7,45.4281534,12.3194993,POINT (12.319499299999999 45.4281534),1371400.3889040903,5689179.215669923
ChIJFTeogDy1fkcRRCQ3lAqutk8,RISTORANTE INDIANO ROYAL PANJAB Halal food,0.95715,2,45.4873151,12.2422933,POINT (12.2422933 45.4873151),1362805.8562979049,5698568.323904024
ChIJFV63ZdmxfkcRFklML6Yr3x0,Pasticceria Ponte delle Paste - Venezia,0.842775,8,45.4381055,12.3383368,POINT (12.338336799999999 45.4381055),1373497.3698119086,5690757.9496279815
ChIJFV7v8bGvfkcRYE9jacngnH0,CrÃ©dit Agricole Italia,0.0,6,45.416602,12.370612,POINT (12.370612 45.416602),1377090.2286411596,5687347.128556962
ChIJFWEtfQ2xfkcR-fjNV3mrZ9o,i&s Farm ll Biologico di Sant'Erasmo,0.8478,1,45.4415319,12.3339252,POINT (12.3339252 45.4415319),1373006.2727463248,5691301.555026946
ChIJFWgxZ8-vfkcRUTONc-z5BXw,Supermercato Punto Eat,0.4658,16,45.4351544,12.3468972,POINT (12.346897199999999 45.435154399999995),1374450.3091808953,5690289.778008607
ChIJFXsk8SWufkcRBU8kXAMc5rc,TRATTORIA PIZZERIA AE DO MARIE,0.90175,2,45.4369004,12.347954,POINT (12.347954 45.4369004),1374567.9516187655,5690566.765883941
ChIJFe6VRAKufkcRR8HV2X-AKXQ,Trattoria Busa alla Torre,0.9560333333333334,3,45.4552915,12.3533592,POINT (12.3533592 45.4552915),1375169.6557304014,5693484.876385605
ChIJFzsQFq6vfkcRCt8a7CKSxYc,Parrucchiere Lord',-0.296,1,45.4156515,12.37248,POINT (12.37248 45.415651499999996),1377298.1734499612,5687196.393060344
ChIJG0PjSS2wfkcR4_yhPfq6Jdw,Trattoria Ai Cacciatori,0.9901,2,45.426118,12.3277006,POINT (12.3277006 45.426117999999995),1372313.353443933,5688856.367842042
ChIJG1GItfa1fkcRBEe9AmL82OY,Venezia FC Store | Ca' Venezia,-0.0799,1,45.4877386,12.279806,POINT (12.279805999999999 45.4877386),1366981.7509601857,5698635.569931985
ChIJG68JP5GvfkcRaYhO40iqYw0,Banco BPM,0.0,16,45.3980946,12.3591263,POINT (12.3591263 45.3980946),1375811.6463657552,5684412.579801704
ChIJG6I3jQKufkcR9_GSZSuFOf0,Bar Caff¨¨ Ciangol di Squarcina G & C,-0.225925,16,45.454267,12.352559,POINT (12.352559 45.454266999999994),1375080.5778738684,5693322.294241701
ChIJGQfAGam1fkcRErJXhfYJo5o,Caff¨¨ Veneto,0.55578,10,45.4865775,12.2422499,POINT (12.2422499 45.486577499999996),1362801.0250320043,5698451.204284128
ChIJGXsbqcGxfkcRL7YXwinXuZI,Restaurant Trattoria Da Bepi,0.8053142857142858,7,45.4435881,12.3251533,POINT (12.3251533 45.4435881),1372029.7893050355,5691627.791231509
ChIJG_kCwLGvfkcRtu_oCUwvNLE,Lanna Gaia - Rejuvenation Center,0.8582166666666667,12,45.4156994,12.3715661,POINT (12.371566099999999 45.4156994),1377196.4385673255,5687203.9892440215
ChIJGfHItMutfkcRGmbjvtKYlxI,Max¨¬,0.0,2,45.4585917,12.4087842,POINT (12.4087842 45.4585917),1381339.5385076185,5694008.618861268
ChIJGw7FHgCvfkcRt79YH6VobPs,COOP Supermercato Lido Cipro,0.10735,16,45.4217873,12.3787593,POINT (12.378759299999999 45.4217873),1377997.1819284996,5688169.486514257
ChIJGwWYvAKufkcR8VbROFK76lE,Ristorante Trattoria al corallo,0.86585,2,45.4534331,12.3515608,POINT (12.3515608 45.4534331),1374969.4587581586,5693189.961380863
ChIJH1lbVACxfkcROLd1ZgxiO5s,Dolce Vita Pasticceria,0.3856625,32,45.439171,12.3341107,POINT (12.3341107 45.439170999999995),1373026.922511867,5690926.989855264
ChIJH54IrdmxfkcRH3ygOg836_o,Carla Style di Carla Baron,0.8870750000000001,8,45.4362827,12.3400109,POINT (12.3400109 45.4362827),1373683.7297714455,5690468.772114701
ChIJH6fVIg-vfkcR5YSM4XqU9IU,Bar Tesa 105,0.1543428571428571,14,45.4373164,12.3560649,POINT (12.3560649 45.4373164),1375470.8528766406,5690632.761968429
ChIJHT904tmxfkcR58Jq_fSRecA,Bio Store Venice - La Serenissima,0.5614882352941176,17,45.434815,12.335083,POINT (12.335083 45.434815),1373135.1584527653,5690235.936114079
ChIJHaoDh8KxfkcR8zFJyX9XeKs,Il Remo d'Oro,0.0504833333333333,24,45.4447292,12.3315823,POINT (12.331582299999999 45.4447292),1372745.4623113454,5691808.8430173565
ChIJHbND786xfkcRj9nhPj_lHjg,Lanterna Magica Negozio di Giocattoli Venezia,0.4927,1,45.4332307,12.3252942,POINT (12.3252942 45.433230699999996),1372045.4742212882,5689984.609479911
ChIJHe_jEduxfkcRhnNhPF66afs,Ristorante Caff¨¨ Saraceno,0.6678,4,45.4379258,12.3352382,POINT (12.3352382 45.437925799999995),1373152.4352377364,5690729.440764847
ChIJHx_bAEGxfkcRYtCaENvvMQM,Moro Restaurant Venice,0.9157857142857144,7,45.4320136,12.3295177,POINT (12.3295177 45.4320136),1372515.6320906535,5689791.538688696
ChIJI4gosoGxfkcRvbgq4mVCOBQ,Olimpia Bar,0.4835,32,45.441584,12.3225512,POINT (12.3225512 45.441584),1371740.1248580422,5691309.821053779
ChIJIV7MIrixfkcR7bQgjW3Rg1o,INTESA SANPAOLO SPA - ATM,0.0,1,45.4372603,12.3196552,POINT (12.3196552 45.4372603),1371417.7436127048,5690623.861987308
ChIJIW3b0ByvfkcR5RClte2UFwE,Cleopatra,0.9948,1,45.4342648,12.3477614,POINT (12.3477614 45.4342648),1374546.5114848388,5690148.653919391
ChIJIWE8wNmxfkcRVtU71JwCZuI,Campiello San Zulian,0.5994,1,45.4359329,12.3384441,POINT (12.3384441 45.4359329),1373509.3143932705,5690413.27927574
ChIJIxGOIQDXyIAR1ZQSTc6xeiY,ER at Cadence,0.9445875,16,36.0538922,-114.9699745,POINT (-114.96997449999999 36.0538922),-12798399.017855648,4308039.391711873
ChIJIy5qnq6tfkcR-e1dnFL2gZs,Trattoria alla Maddalena,0.9571,1,45.4881002,12.4099745,POINT (12.409974499999999 45.4881002),1381472.0420975098,5698692.98748374
ChIJIy8iMNCxfkcRbBixeereDMg,Bacaro e Trattoria da Fiore,0.90385,2,45.4338524,12.3304699,POINT (12.330469899999999 45.4338524),1372621.630509787,5690083.232490634
ChIJJ-iLpm5gwokRnntLtSKkJK4,New York Hospital Queens Emr,0.9022,1,40.7470438,-73.8256717,POINT (-73.8256717 40.7470438),-8218236.181115388,4975101.975411595
ChIJJ3unXJOxfkcRpGGQ6eA4TCU,Bar C¨¤ Pesaro,0.1470428571428571,14,45.4410342,12.3315133,POINT (12.3315133 45.4410342),1372737.7812664805,5691222.59185017
ChIJJ8xRT8-xfkcRe16Z-PdVL3U,Bancomat Unicredit,0.0,1,45.4354323,12.3249677,POINT (12.3249677 45.435432299999995),1372009.1284075442,5690333.86387875
ChIJJ9RRQA-vfkcRqfQ-gpkAEtU,Frutta Verdura,-0.6084,1,45.435608,12.3454832,POINT (12.3454832 45.435607999999995),1374292.9034209135,5690361.736921267
ChIJJaEFR9yxfkcRlm5WW2N6g4Q,Minimarket Coop,0.4689357142857143,14,45.4413308,12.3374919,POINT (12.3374919 45.441330799999996),1373403.3159741373,5691269.649186904
ChIJJworIx7DyIAR0v5maTRNr3k,North Vista Hospital,0.6597,1,36.1950921,-115.1228645,POINT (-115.12286449999999 36.1950921),-12815418.654803032,4327499.055876076
ChIJJxOOOlKsfkcRPtgmg4JMxFI,CrÃ©dit Agricole Italia,0.0,1,45.484633,12.419284,POINT (12.419284 45.484632999999995),1382508.3708970498,5698142.454718881
ChIJJztV0JqxfkcR7qnhko2pbVE,Emi Store S.A.S.,0.17,4,45.4375245,12.330438,POINT (12.330438 45.437524499999995),1372618.0794180306,5690665.7760576885
ChIJK2YDvCGxfkcRnjgNKZxifOA,Parrucchieri Andya??s Boutique,0.9831,1,45.4408204,12.3365577,POINT (12.3365577 45.4408204),1373299.3213058382,5691188.671374491
ChIJK5_Nd9exfkcRs5NFdiK-NYo,HERMÃS Venice Store,0.8957,1,45.4333535,12.3368675,POINT (12.3368675 45.433353499999996),1373333.808084086,5690004.089698965
ChIJK6iBP9exfkcRkwD7q8Uwaik,Caff¨¨ Florian,0.9749,4,45.4336094,12.338223,POINT (12.338223 45.433609399999995),1373484.7016538563,5690044.68420044
ChIJK9GBpsGxfkcR8nKJr6cCCm0,Bar Alle Guglie Cicchetteria,0.8277,16,45.4437105,12.3257479,POINT (12.3257479 45.443710499999995),1372095.979874261,5691647.21156146
ChIJK9dgVttmZIgR8kATjCKlpdw,Nashville General Hospital,0.949,1,36.1668387,-86.8070929,POINT (-86.8070929 36.1668387),-9663321.378872395,4323602.470444852
ChIJKSkPZdyxfkcRfRbBCZoU30U,BEPI ANTICO 54 da LORIS,0.986,1,45.4408044,12.3365365,POINT (12.3365365 45.4408044),1373296.9613326334,5691186.132896915
ChIJKVRRjMWxfkcR41EuHgNTCYI,Bottega del Caff¨¨ Dersut,0.743175,8,45.436496,12.326524,POINT (12.326524 45.436496),1372182.3749310656,5690502.610541253
ChIJKWw021SxfkcRdpfo6Dj1s-U,Tango Bar Venezia,0.8706571428571428,28,45.436357,12.320075,POINT (12.320075 45.436357),1371464.47553494,5690480.559231421
ChIJKYWpr96xfkcRDmDiGuvNU5Q,Bar ae Maraveje,0.7233999999999999,14,45.4317409,12.3267327,POINT (12.326732699999999 45.4317409),1372205.6073087943,5689748.280361645
ChIJKezuL8OxfkcRicdEQ1XAKQY,Noval Salon,0.9415,1,45.4435399,12.3306104,POINT (12.3306104 45.4435399),1372637.2708982434,5691620.143694839
ChIJKw1BaduxfkcRoRCavgDEtMI,Farini,0.535725,8,45.4383468,12.3338932,POINT (12.333893199999999 45.4383468),1373002.7105226195,5690796.231288179
ChIJL5A7rAKufkcReQEie6B-n8s,Pizzeria Marlin Ristorante,0.9083333333333332,3,45.4528389,12.3508624,POINT (12.350862399999999 45.452838899999996),1374891.713225789,5693095.668071925
ChIJL5RmIy2wfkcRTec0EaSDjbY,Trattoria Altanella,0.9882,1,45.4254067,12.3285732,POINT (12.3285732 45.425406699999996),1372410.4908315993,5688743.546739033
ChIJLR-53J2xfkcR20jNfKNaM5Q,Brunch Cafe,0.9388142857142856,14,45.437255,12.331149,POINT (12.331149 45.437255),1372697.2275759848,5690623.021169584
ChIJLRn8I1SxfkcRtHCC55kvqZM,mini super market,0.2452045454545454,22,45.4361496,12.3355791,POINT (12.335579099999999 45.4361496),1373190.384052148,5690447.656874427
ChIJLSXSmtixfkcRURR_PbcCfyY,Al Gobbo di Rialto,0.994,1,45.4382599,12.334059,POINT (12.334059 45.4382599),1373021.167294193,5690782.444794923
ChIJLezw1tuxfkcR_7oJaOfa4YM,Dolceamaro,-0.1452,20,45.4377367,12.3377649,POINT (12.3377649 45.437736699999995),1373433.7061951237,5690699.440718097
ChIJLf0sOWuxfkcRA_l0E3L3J6I,Bacaro Per Caso,0.94355,12,45.4264142,12.3262713,POINT (12.3262713 45.426414199999996),1372154.2444957423,5688903.349297018
ChIJLxuh8t2xfkcRcYTxcs_7CFs,Bar Gelateria pizzeria,0.3757714285714285,7,45.4437636,12.3387949,POINT (12.3387949 45.4437636),1373548.3652706407,5691655.636570645
ChIJM5hworuvfkcRjJNOBoUF_0U,Paradiso Restaurant,0.8255499999999999,6,45.4289213,12.3566578,POINT (12.356657799999999 45.4289213),1375536.8542027322,5689301.020230782
ChIJMRcIMdCxfkcRzHVfq_x9SgI,Bar all'Angolo,0.8748799999999999,10,45.433806,12.330652,POINT (12.330651999999999 45.433806),1372641.9017890606,5690075.871816641
ChIJMWjvGdixfkcRj4arXTMU7c0,Trattoria Alla Rivetta,0.9136,1,45.43494,12.3421267,POINT (12.3421267 45.43494),1373919.259550066,5690255.765884355
ChIJMYhZ3UOxfkcRy9z-DwuMASQ,Bacaro Vintido',0.9748,1,45.4357007,12.3262347,POINT (12.326234699999999 45.4357007),1372150.1702023793,5690376.442881344
ChIJMasuBtexfkcRJCxPSAYJlVY,Giardini Reali,0.9778,1,45.4329839,12.3382915,POINT (12.338291499999999 45.432983899999996),1373492.3270389757,5689945.458809558
ChIJMdR4E76xfkcRI6TKyjwTkho,University Cafeteria,0.319875,16,45.4449998,12.3168265,POINT (12.3168265 45.4449998),1371102.854169098,5691851.778103019
ChIJMfTSNgCxfkcRw_qJo7SEliQ,Angolo,0.746642857142857,14,45.4447305,12.331579,POINT (12.331579 45.4447305),1372745.0949570257,5691809.049282981
ChIJN-0KOLmxfkcRckUo_SGGiVc,la Bottega della Bellezza,0.5838571428571429,14,45.4431743,12.322505,POINT (12.322505 45.443174299999995),1371734.9818975674,5691562.136865957
ChIJN0EWgMSxfkcRCtxKpbwDEgI,Boresso,0.94168,10,45.4404691,12.329589,POINT (12.329588999999999 45.4404691),1372523.5691703472,5691132.936091838
ChIJN28E4wOufkcRloT3VYEwzrw,Murano Trattoria Valmarana,0.8200000000000001,4,45.4564509,12.3572998,POINT (12.3572998 45.4564509),1375608.3213158213,5693668.869931378
ChIJN50SWyNjbIcRhwNyt6Itj-k,HCA HealthONE Aurora,0.9725,1,39.6899801,-104.8321279,POINT (-104.83212789999999 39.6899801),-11669859.096603326,4820992.77754931
ChIJN62j2zzle0cRJB6WCKWWcO4,Panificio Giovanni Volpe,0.9564,1,45.4445804,12.3254987,POINT (12.325498699999999 45.4445804),1372068.2390571556,5691785.23356799
ChIJN6Zo4i-ufkcRpqOGA5homd8,Hopera - Italian Food,-0.6511,8,45.4322824,12.3548315,POINT (12.3548315 45.4322824),1375333.5514166963,5689834.178564359
ChIJN6soipWxfkcRM6tfMi8_uDo,Restaurant Venedig,0.0,1,45.4373708,12.3339279,POINT (12.333927899999999 45.4373708),1373006.57330895,5690641.392261604
ChIJN7kFlOmxfkcRGo4FBCupIBo,Ospedale S. Raffaele Arcangelo Fatebenefratelli,0.49355,2,45.4474011,12.3308549,POINT (12.3308549 45.4474011),1372664.4885137423,5692232.792378293
ChIJNRDG8_ayfkcRaPQ0OctH2mo,Goppion Caffe',0.18322,10,45.5043585,12.3401305,POINT (12.340130499999999 45.504358499999995),1373697.0435825444,5701274.982893301
ChIJNW7WJ9qxfkcRIRkPrOhkKoA,Pasticceria Storica Mercerie,-0.1169857142857143,28,45.4367871,12.3370691,POINT (12.337069099999999 45.4367871),1373356.2500934298,5690548.791553881
ChIJNaGOj8yxfkcRg6Q9aCDgvCY,Farini,0.61292,20,45.4397531,12.3367253,POINT (12.3367253 45.4397531),1373317.978452495,5691019.3406323
ChIJNxXIgNexfkcResLjhXLuNAU,Ristorante da Raffaele,0.9718,1,45.4323925,12.3336422,POINT (12.3336422 45.4323925),1372974.7693304303,5689851.643839915
ChIJNzVlZI6vfkcRI3vH-qTe4Zo,Minimarket Coop,0.383925,8,45.3925333,12.3559624,POINT (12.3559624 45.3925333),1375459.4426288342,5683530.963259776
ChIJO0FzicOxfkcRVD6CVQCf4xg,Evoluzione Informatica S.n.c. - Essedi Shop,0.05505,8,45.4408204,12.3286288,POINT (12.328628799999999 45.4408204),1372416.6801952876,5691188.671374491
ChIJOXprzdGzfkcRyCOvKq2rGZg,Parco Comunale Veneziano,0.09176,10,45.4690434,12.2804745,POINT (12.280474499999999 45.4690434),1367056.1680397808,5695667.508280324
ChIJOZHIVtexfkcR-SrwqNeClnQ,Basara Sushi Restaurant,0.9523375,8,45.432488,12.3230691,POINT (12.3230691 45.432488),1371797.7772223242,5689866.793130141
ChIJOx5ZcNmxfkcR_RcY9wtRZYU,Brow Bar Benefit Cosmetics,0.5467875,8,45.4387558,12.3369904,POINT (12.3369904 45.438755799999996),1373347.4892495044,5690861.118520855
ChIJP-nEBoixfkcR1SDqDgWj-ns,Noemi Store - Abbigliamento Donna,0.8285428571428571,14,45.437631,12.3322668,POINT (12.3322668 45.437630999999996),1372821.6605027933,5690682.671830429
ChIJP08H-CeufkcR4kJVY2m7DFs,Trattoria da Nino Venezia,0.0543999999999999,2,45.4349098,12.3426254,POINT (12.3426254 45.4349098),1373974.7745801245,5690250.975007831
ChIJP1THENqxfkcR0E9BScaFnyc,Trattoria de fabri,0.4211714285714286,14,45.4359041,12.3360443,POINT (12.3360443 45.435904099999995),1373242.1698792647,5690408.710412386
ChIJP6Q7-sWxfkcR_Ow2xzhA4FQ,Coop,0.49304,5,45.4375565,12.3316214,POINT (12.3316214 45.4375565),1372749.8149034353,5690670.8527184455
ChIJPRhpm6BxIocRJ6SE2NtbMSg,Lovelace Westside Hospital,-0.09564,10,35.2074758,-106.6770943,POINT (-106.6770943 35.2074758),-11875239.816782026,4192112.1439299975
ChIJPSXhncuxfkcRcUc_CheC_AU,Dal Moro's Venice | Fresh Pasta Restaurant,0.9413571428571428,7,45.436673,12.3420066,POINT (12.3420066 45.436673),1373905.8900792217,5690530.690345345
ChIJPWQtJtuxfkcRbiWXiNzcT7A,VizioVirt¨´ Cioccolateria,0.9548,4,45.4381843,12.3385108,POINT (12.3385108 45.438184299999996),1373516.7394033065,5690770.451039005
ChIJPcI5wrGvfkcRMET0rZ37BCQ,Centro Estetico Almapura di Chiara Forcolin,0.0,1,45.4136455,12.3700831,POINT (12.370083099999999 45.4136455),1377031.351762479,5686878.278919339
ChIJPy3OnHOvfkcR1GUibT72EIc,Oldest Mask store,0.8885,1,45.4354837,12.3430317,POINT (12.3430317 45.4354837),1374020.003689234,5690342.017964165
ChIJPzheuDT0wokREg1maH_UZ-c,Comprehensive Health Care Center,0.2003,1,40.8253295,-73.9169903,POINT (-73.9169903 40.825329499999995),-8228401.721167341,4986611.843225648
ChIJQ-Fqo82xfkcRuCCd4JMXUcE,Gelateria Nico,0.312,10,45.4296112,12.3261576,POINT (12.3261576 45.4296112),1372141.587469639,5689410.453818114
ChIJQ0ApceqxfkcRg4ThFEmcYTo,Dodo Caff¨¨,0.38885,12,45.4460065,12.3267267,POINT (12.3267267 45.446006499999996),1372204.9393918496,5692011.5092193205
ChIJQ4y47s6xfkcRm_zwwuAk-T8,L'Osteria San Barnaba,0.9756,7,45.4327264,12.3243622,POINT (12.3243622 45.4327264),1371941.7244558688,5689904.610946614
ChIJQ92TITSxfkcRFR_uDJP2BNY,Gio's,0.9916,1,45.4320641,12.3354749,POINT (12.3354749 45.4320641),1373178.7845612073,5689799.549512939
ChIJQVaZqtKxfkcRy8s8y5RdwYk,Ristorante Casa Cappellari,0.8439000000000001,2,45.4383521,12.3335538,POINT (12.333553799999999 45.438352099999996),1372964.9286874444,5690797.0721221715
ChIJQf2sUKJmZIgRVcdS9CIDcCs,Vanderbilt University Medical Center:,0.91,1,36.1413146,-86.8018266,POINT (-86.8018266 36.1413146),-9662735.13703803,4320083.505595187
ChIJQwRPGwCvfkcRbRtSHL0vMcw,Parco delle Rimembranze,0.601,8,45.4269404,12.3591103,POINT (12.3591103 45.4269404),1375809.8652539025,5688986.8125707945
ChIJR1tJ7uKxfkcRU5NRHF745io,Ravioleria Venezia,0.5994,1,45.4341499,12.3320092,POINT (12.3320092 45.4341499),1372792.984601965,5690130.426611009
ChIJRRImroZ19YgRIuf_eUYDaMQ,Kona Grill - Alpharetta,0.99565,2,34.071486199999995,-84.2761469,POINT (-84.2761469 34.071486199999995),-9381577.758927122,4038404.9200128326
ChIJRRTpJfHNFogRYzKMZGa3GM8,Cascade Prime Steak & Seafood,0.933,1,41.6770657,-86.2461663,POINT (-86.2461663 41.6770657),-9600879.315387992,5112727.5308467075
ChIJRVO7_KqvfkcRYnEOB7a_HuU,Coco Beach,0.50984,10,45.418683,12.3821139,POINT (12.3821139 45.418683),1378370.6142923147,5687677.153794867
ChIJRW0TbKWvfkcRUcN6BvdUJaQ,Oasi Di Basilio Mirta,0.4137,1,45.4119353,12.368528,POINT (12.368528 45.411935299999996),1376858.2388223463,5686607.082057721
ChIJRWywcNuxfkcRg3m0dxfT4FU,UniCredit,0.7096,1,45.4371208,12.3361542,POINT (12.3361542 45.437120799999995),1373254.403891303,5690601.7310565645
ChIJRY06z9mxfkcRiZTLdZbwt9s,Trattoria Do Forni,0.8478,1,45.4354935,12.3392774,POINT (12.3392774 45.4354935),1373602.0769249487,5690343.572634991
ChIJRYJmKtqxfkcR3h-L56zQ18o,Ristorante da Mario alla Fava,0.3055,4,45.437206,12.337281,POINT (12.337280999999999 45.437205999999996),1373379.8386935291,5690615.247575505
ChIJR_1cWNexfkcR2XWwEQtEKVA,Caf¨¦ Venezia,-0.2542999999999999,8,45.4350534,12.3375234,POINT (12.3375234 45.4350534),1373406.8225380972,5690273.755489946
ChIJRf6ilsexfkcR4Rj0vhtVtxI,Giardini Papadopoli,0.50575,2,45.4382983,12.3206545,POINT (12.3206545 45.4382983),1371528.9851798546,5690788.536867575
ChIJRfv8EHOxfkcR6Z068jeOptk,Noemi Store - Abbigliamento Donna 2,0.7177,2,45.4439298,12.3266811,POINT (12.3266811 45.4439298),1372199.8632230693,5691682.00642466
ChIJSSe3DMSxfkcR3hPIx87KSI4,Coop,0.2639249999999999,16,45.440407,12.3276792,POINT (12.327679199999999 45.440407),1372310.97120683,5691123.083691121
ChIJSap6otmxfkcREEKsJmwKNgY,Cantina Canaletto S.R.L.,0.9067,1,45.4367966,12.3389165,POINT (12.3389165 45.4367966),1373561.9017207215,5690550.29866755
ChIJSayMSMKxfkcRZi6o2e5uQKQ,CentroMarca Banca Credito Cooperativo di Treviso e Venezia - Filiale di Venezia,-0.3089,1,45.4414169,12.3336099,POINT (12.333609899999999 45.4414169),1372971.1737108778,5691283.309505291
ChIJSwvf8tOxfkcRWHwNtBnXYfM,DIESEL STORE VENICE SAN MARCO,0.1984,12,45.4340997,12.3374426,POINT (12.3374426 45.4340997),1373397.827923241,5690122.463081483
ChIJT1nXDJG1fkcRtGVjOXXuGso,Banco BPM,0.0,1,45.4925966,12.2394367,POINT (12.239436699999999 45.4925966),1362487.8610405046,5699406.99028688
ChIJT6OLXtWvfkcRzd_t-AhD8JQ,Banco BPM,0.0,4,45.426067,12.327874,POINT (12.327874 45.426066999999996),1372332.6562436365,5688848.2785549555
ChIJT9eknfmvfkcReE1-ixjXCEI,Bella Vida Hair & Beauty - Venezia,0.0,1,45.4105847,12.3666271,POINT (12.366627099999999 45.4105847),1376646.6316022975,5686392.914968374
ChIJTYAx2Q60fkcRhTqMCUwPD0g,Bar San Marco,0.397,32,45.4843182,12.2575859,POINT (12.257585899999999 45.4843182),1364508.22074281,5698092.471476851
ChIJT_MPh3-vfkcRxkoWTk4-2es,Panificio Pasticceria Marangon dal 1952,0.9694666666666666,3,45.458598,12.3569286,POINT (12.3569286 45.458597999999995),1375566.999520839,5694009.618701986
ChIJTeuJue-1fkcRjZXggXAFcvk,Supermercato Eurospar Mestre,0.3757,4,45.4913029,12.2381816,POINT (12.238181599999999 45.4913029),1362348.1439476102,5699201.552227754
ChIJTfdxyM6vfkcR4j9BEQF_188,ORTOFRUTTA LIDO di Yamoul Mohammed,-0.2609,2,45.4153758,12.3744181,POINT (12.3744181 45.4153758),1377513.9217550678,5687152.671518815
ChIJTxmGedmxfkcR0jY-Xe8aSq0,Hebella Fashion Leather,0.67574,10,45.4375308,12.3381611,POINT (12.338161099999999 45.4375308),1373477.8109773763,5690666.7755250465
ChIJTyIemGSvfkcRylWCb8j_dbo,Bailo supermercati,0.0436,16,45.4325134,12.3547498,POINT (12.354749799999999 45.4325134),1375324.4566142985,5689870.822369762
ChIJTyg33bGvfkcRY_3BCz8zeDw,Minimarket Coop,0.2779125,8,45.4159437,12.3696742,POINT (12.369674199999999 45.4159437),1376985.8332226935,5687242.731466849
ChIJU4s8VB2ufkcRRWYH2Z3wNgk,Art Cafe & Food,0.8540857142857143,14,45.4523482,12.3504045,POINT (12.3504045 45.452348199999996),1374840.7400309544,5693017.799876607
ChIJUbOcIbCvfkcRYNCaCZ0Mkrg,Parrucchieri By Alberto,0.0,1,45.4135932,12.3700639,POINT (12.3700639 45.4135932),1377029.2144282556,5686869.985267106
ChIJUfx0iauxfkcRIjpdmRIteOs,L.G.R Flagship Store Venezia,0.0,1,45.4354462,12.338453,POINT (12.338453 45.4354462),1373510.3051367386,5690336.068971155
ChIJV-PrrtixfkcRdIL-t7XP96k,Trattoria Bandierette,0.91285,2,45.4386619,12.3436103,POINT (12.3436103 45.4386619),1374084.4131466069,5690846.2213859875
ChIJV-T07fKvfkcRJVv0yL-hIQU,Beauty&therapy,0.0,2,45.4324067,12.3554961,POINT (12.3554961 45.4324067),1375407.5343502774,5689853.896402913
ChIJV32nPtexfkcRFXe2WTU6Iac,Museo Correr Cafe,0.8934571428571428,28,45.4338018,12.3370758,POINT (12.3370758 45.4338018),1373356.9959340182,5690075.205549034
ChIJV4_OAX6xfkcRkp2BIhFkkDQ,Cucina Restaurant,0.1133499999999999,8,45.4063619,12.3220742,POINT (12.3220742 45.4063619),1371687.0254609338,5685723.330956787
ChIJV7-c10GvfkcRsrV-VMUg8UY,Osteriva,0.6036,1,45.4565256,12.3560668,POINT (12.356066799999999 45.4565256),1375471.0643836732,5693680.724742717
ChIJV7tRG7ixfkcRHdMFN-DUo08,Trattoria Bar Giada,-0.0636625,8,45.4372447,12.318702,POINT (12.318702 45.4372447),1371311.6338740806,5690621.3871278195
ChIJV9NwgrGvfkcRGEQmxzIIggo,Intesa Sanpaolo S.p.A.,0.0079375,16,45.4168146,12.3682691,POINT (12.3682691 45.416814599999995),1376829.41820618,5687380.844176756
ChIJVQKjCtuxfkcR6lwgn2YW6Ew,Bar Rialto da Lollo,0.9252375,16,45.4391129,12.3344111,POINT (12.334411099999999 45.4391129),1373060.3628869015,5690917.772281469
ChIJVQZ6BdmxfkcR0BtQshanAgo,Ristorante ai Barbacani,0.9683833333333332,6,45.4375248,12.3399425,POINT (12.3399425 45.4375248),1373676.1155182752,5690665.823651369
ChIJVUCISaixfkcR5VJ0C54-F-U,Grand Canal Restaurant & Bar,0.5814125,8,45.4324368,12.3371174,POINT (12.337117399999999 45.4324368),1373361.6268248353,5689858.671203816
ChIJVYCMf2WxfkcRIlPyRPPTjoU,Cafe Da Gigi,0.4699833333333333,24,45.4358978,12.33883,POINT (12.33883 45.4358978),1373552.2725847678,5690407.710973839
ChIJVxUjvjhu1oYRw1I8g5MDV74,Tucson Medical Center,0.2271142857142857,14,32.2524759,-110.8800722,POINT (-110.8800722 32.2524759),-12343113.176425409,3796497.8314567935
ChIJVyH5Aa2vfkcR88KDG9Mz_Ps,Elisir Hair Specialist,0.0,1,45.4038416,12.3629618,POINT (12.362961799999999 45.4038416),1376238.612272693,5685323.7259877985
ChIJW17o1M6xfkcRZXpignb2aWE,Ristorante Dallo Zio Santa Margherita,0.9734,1,45.4338367,12.3237839,POINT (12.323783899999999 45.4338367),1371877.3483943432,5690080.741917076
ChIJW49oVzX9MIgRI6UcTJPfZ8s,Cleveland Clinic - South Pointe Hospital,0.992,1,41.4476748,-81.5376019,POINT (-81.5376019 41.4476748),-9076724.324012656,5078599.5401003845
ChIJW5Is2tmxfkcRVox5WQxcXSw,UniCredit,-0.08895,2,45.4349543,12.3386746,POINT (12.3386746 45.4349543),1373534.9735358984,5690258.034412874
ChIJW9rQENqxfkcRN7vDMpQjRMQ,Allianz Venezia Centro Storico,0.0,1,45.4359588,12.3358731,POINT (12.335873099999999 45.435958799999995),1373223.1119824413,5690417.388081927
ChIJWQl1bc05W4YR4pK_YauK6gc,Baylor Scott & White Medical Center ¨C Lakeway,0.9901,1,30.3320308,-97.9712915,POINT (-97.97129149999999 30.3320308),-10906114.282139372,3546301.1041859062
ChIJWS6oXBW0fkcRdUD5S_Zc6As,Sparkasse - Cassa di Risparmio di Bolzano,0.4215,1,45.4917482,12.2446934,POINT (12.2446934 45.491748199999996),1363073.0342077576,5699272.26481854
ChIJWTd6XM-xfkcRmJ-rlCTGBPE,Elitre Concept Store,0.0,16,45.4397508,12.336595,POINT (12.336594999999999 45.4397508),1373303.4735228447,5691018.975733006
ChIJWVWq-PexfkcRP8_ItCDb3GE,Charlotte Tilbury,0.2103625,8,45.4387378,12.337038,POINT (12.337038 45.4387378),1373352.788057266,5690858.262838129
ChIJWWUC3UixfkcRh1qGMpqX-gM,Royal Garden,0.15195,12,45.4329859,12.3382939,POINT (12.3382939 45.4329859),1373492.5942057534,5689945.776075242
ChIJWfFtumOufkcRGp-cIfHJCaU,Al Bacan,0.6249,1,45.4447173,12.3925664,POINT (12.3925664 45.4447173),1379534.1812698313,5691806.954893779
ChIJXTmSYQ60fkcR3QS8h5HcUTE,Cadoro - Mestre,0.5678,16,45.4840742,12.2575794,POINT (12.2575794 45.484074199999995),1364507.4971661197,5698053.729893087
ChIJXVfGHACxfkcRZMDpSM-xppo,Trattoria Ai Botteri,-0.0011499999999999,2,45.4395724,12.3328252,POINT (12.3328252 45.439572399999996),1372883.8213064522,5690990.672285333
ChIJXWrM09uxfkcRXYI2xznmWUY,Banca Generali Private - Ceccato Andrea,-0.296,2,45.4366852,12.3412279,POINT (12.3412279 45.4366852),1373819.2055917408,5690532.625792715
ChIJXayxWMexfkcREgYxY5-9aXM,Bistrot Santa Lucia,0.44432,10,45.4406573,12.3204551,POINT (12.3204551 45.4406573),1371506.7880733905,5691162.794802441
ChIJXbGllwKzfkcRTqBSt2ebVZg,Passeggiata delle Barene - Campalto,0.0,8,45.4825061,12.3030537,POINT (12.3030537 45.482506099999995),1369569.6730863003,5697804.755710845
ChIJXbTnv9CxfkcRd4V3lDUhSQw,Restaurant Anonimo Veneziano,0.5850571428571428,7,45.4341177,12.3345948,POINT (12.3345948 45.434117699999994),1373080.8122773601,5690125.3185295025
ChIJXwhJN-2xfkcRJoCauo4AqCo,Minimarket Coop,0.401475,16,45.4253439,12.3257522,POINT (12.3257522 45.4253439),1372096.4585480713,5688733.585939525
ChIJXximjS-xfkcRYzL-q5sK2Uc,e???e??1 Nails Venezia e???e??1,0.9509,1,45.4410002,12.3365406,POINT (12.3365406 45.4410002),1373297.4177425455,5691217.197565741
ChIJY5t8gMSxfkcRsOdTo2yDALc,MAJER San Stae,0.2505,14,45.4404648,12.3295542,POINT (12.329554199999999 45.4404648),1372519.6952520674,5691132.253880169
ChIJY6qc-he0fkcR2-y33m1bdV4,Pam,0.9551,2,45.4845451,12.2414303,POINT (12.2414303 45.4845451),1362709.7875773502,5698128.498124782
ChIJYQuk5MOxfkcR5OlqXel1QnM,Pizzeria fantasia,-0.3060333333333333,3,45.436263,12.32011,POINT (12.32011 45.436263),1371468.3717171175,5690465.6468656305
ChIJYYswjyeufkcRLPRQ-ljnlH4,Wine Bar 5000,0.5637833333333334,12,45.4359443,12.3433909,POINT (12.3433909 45.435944299999996),1374059.9896503268,5690415.087784795
ChIJYdb3IsW_yIARUtA4qqyfMl4,Summerlin Hospital Medical Center,-0.9878,1,36.1809199,-115.3174232,POINT (-115.3174232 36.1809199),-12837076.83021643,4325544.312336405
ChIJYypwqfuvfkcRIE4hNBusim4,Centro Estetico Vanity Point,0.0084875,16,45.417101,12.3723621,POINT (12.3723621 45.417100999999995),1377285.048881997,5687426.263726022
ChIJZ3MTxtmxfkcRBj8O024av2I,Fonderia Artistica Valese,0.7644,2,45.4353087,12.3380699,POINT (12.338069899999999 45.4353087),1373467.6586398159,5690314.256030606
ChIJZ5wDtMGxfkcR7AqGm21ZwYI,Gam Gam Goodies,0.8545846153846154,13,45.4444051,12.3253673,POINT (12.3253673 45.4444051),1372053.6116760653,5691757.4195586825
ChIJZVKC3e-xfkcRX41yN-IsSrU,POKE a pu¨¤,0.641,2,45.4354319,12.3352854,POINT (12.3352854 45.4354319),1373157.6895177017,5690333.800422861
ChIJZdldC-CxfkcRerZ75BImlNU,Bar Santa Croce,-0.0779166666666666,24,45.4405928,12.3226451,POINT (12.322645099999999 45.4405928),1371750.5777582277,5691152.561598695
ChIJZe8_2BGvfkcRQlLkghdNitQ,Frutta Verdura,0.0,8,45.4368948,12.3474261,POINT (12.3474261 45.4368948),1374509.1860595758,5690565.877478428
ChIJZeQ1un2xfkcRNH4qPvwAiZs,Bialetti,0.449625,8,45.4364858,12.335777,POINT (12.335777 45.4364858),1373212.4141793759,5690500.992385735
ChIJZxKM0fexfkcRM4GhYMtPqz8,12oz,0.9080666666666666,6,45.4410815,12.3343657,POINT (12.3343657 45.441081499999996),1373055.308982019,5691230.09625715
ChIJ_15pzcWxfkcRB5SjgCkaT30,Ai Do Scaini,0.8725999999999999,24,45.437988,12.3235066,POINT (12.3235066 45.437988),1371846.479499546,5690739.308597016
ChIJ_1PlaESvfkcR3D6RNP89Vcc,Savor Restaurant & Bar,0.8007,5,45.4263581,12.362793,POINT (12.362793 45.426358099999995),1376219.821542647,5688894.451034933
ChIJ_1sIlcaxfkcRoCg9GfYmL6o,Conad,0.30755,4,45.4398813,12.3246168,POINT (12.3246168 45.439881299999996),1371970.0663982246,5691039.679825116
ChIJ_QT-pA2xfkcRdVgAGpAIgwU,Tocco di Gio',0.0,1,45.4390621,12.3233978,POINT (12.323397799999999 45.4390621),1371834.3679389479,5690909.712861557
ChIJ_Qc7CUKvfkcRG_u6p4XTkxY,Trattoria Dai Fioi (Venezia Biennale),0.7935,4,45.4312123,12.3566521,POINT (12.3566521 45.4312123),1375536.2196816346,5689664.429282234
ChIJ_RRIbDCufkcRLFbrgmlsbvU,InCoop,0.0598999999999999,12,45.4386551,12.3397485,POINT (12.339748499999999 45.4386551),1373654.5195370615,5690845.142574202
ChIJ_SCkdchKW4YRq0xySTns5-g,Arise Austin Medical Center,0.9856,1,30.270909,-97.7959815,POINT (-97.7959815 30.270909),-10886598.862208402,3538420.4170592376
ChIJ_UsVvgKufkcRQNyG1qo7iQY,Elle Elle - NasonMoretti store,0.5617875,16,45.4536285,12.3521303,POINT (12.352130299999999 45.4536285),1375032.8552081657,5693220.969528876
ChIJ_UuIyGuxfkcR6ACizrTk2-4,Crai,0.8419,1,45.4310757,12.3287781,POINT (12.3287781 45.4310757),1372433.3001952628,5689642.760742793
ChIJ_____y-7fkcRjp7YvX0KzIg,Swarovski Store Venezia,0.963,1,45.4371597,12.3365984,POINT (12.3365984 45.437159699999995),1373303.8520091134,5690607.902328525
ChIJ__n6NtexfkcR07WqlXS5enA,San Marco square suite,0.9903,1,45.4336802,12.3363906,POINT (12.3363906 45.4336802),1373280.7198189264,5690055.91553699
ChIJ_x90hZ22fkcRy8R0oL1L_mM,UniCredit,0.0,1,45.4749979,12.227787,POINT (12.227787 45.4749979),1361191.0223686101,5696612.741556785
ChIJ_yJSY7q2fkcRGo6nLXPNz5Q,'80 Ristorante Snakbar,0.0865125,8,45.4617711,12.242133,POINT (12.242132999999999 45.4617711),1362788.0117835307,5694513.219342291
ChIJa-BzWdmxfkcRGvz0MBzI7vE,Palais Royal Restaurant Venezia,0.9098833333333332,6,45.432971,12.3346522,POINT (12.334652199999999 45.432970999999995),1373087.2020161317,5689943.412446164
ChIJa4i06OmxfkcR5HrNoTI1YBU,Minimarket Coop,0.3883857142857143,7,45.4399133,12.3459693,POINT (12.3459693 45.4399133),1374347.0158253883,5691044.756697925
ChIJa4mz6ZixfkcRc_Zsi3ZwG2c,Bar Laguna,0.6908428571428571,14,45.4434014,12.3249145,POINT (12.3249145 45.4434014),1372003.206210634,5691598.168962973
ChIJa6XGEwCtfkcR0-Zd3GbuMbA,Trattoria Cafe Vecio,0.0676,7,45.4855448,12.4150678,POINT (12.4150678 45.4855448),1382039.025659967,5698287.229865798
ChIJaQ4b4yWufkcRBD__9QvA8c4,Trattoria Al Vecio Portal Laguna e Oltre,0.3188666666666666,3,45.4341185,12.3478439,POINT (12.347843899999999 45.4341185),1374555.6953428292,5690125.445438324
ChIJaRylF92xfkcRhnBbKdBPPOI,Vini da Gigio,0.9919,1,45.4419862,12.3337558,POINT (12.333755799999999 45.441986199999995),1372987.4152245845,5691373.633133965
ChIJaSb0QtuxfkcRhcjNEiAIlYM,Trattoria Antica Torre,0.9751,1,45.4391516,12.3335444,POINT (12.3335444 45.439151599999995),1372963.8822842308,5690923.912041273
ChIJaTrFFtqxfkcRMOOvoNuWdxk,Ostaria A La Campana,0.75025,8,45.4361111,12.3358333,POINT (12.3358333 45.4361111),1373218.6814667075,5690441.549169586
ChIJaVfiUQCxfkcRNl7dDfDuBL4,Restaurant Gheni,0.9597,7,45.4448643,12.3222439,POINT (12.3222439 45.4448643),1371705.9163785214,5691830.278801194
ChIJaY6LaNKxfkcRCS3ILBTAWWs,La Bottega Del Gusto Snc,0.94075,2,45.4359033,12.3251638,POINT (12.325163799999999 45.4359033),1372030.9581596886,5690408.583499549
ChIJaaqepfyxfkcRsenoIJmo2Lc,Minimarket Alba,0.18275,8,45.4364122,12.3421955,POINT (12.342195499999999 45.4364122),1373926.9183310324,5690489.3162918445
ChIJabgg9sWxfkcRuMtUubUcDHk,Parrucchiere New Jolly Style - San Polo,-0.131,2,45.4362644,12.3256111,POINT (12.3256111 45.4362644),1372080.7513679205,5690465.868964513
ChIJacRQuieufkcRX1B3z1zJAhY,Trattoria da Remigio,0.8858,1,45.4356548,12.3450638,POINT (12.3450638 45.435654799999995),1374246.2160264747,5690369.161286442
ChIJacYSXebLJIgR54xiFvu4Ink,DMC Sinai Grace Hospital,0.9793,1,42.4186203,-83.1822091,POINT (-83.1822091 42.4186203),-9259801.160071606,5223894.470288646
ChIJaxvIGXi3fkcRUTUsJcL9PKU,Trattoria Pilla,0.17,2,45.4692981,12.2559337,POINT (12.2559337 45.469298099999996),1364324.2986801213,5695707.937996029
ChIJazbyCYn7MIgRdkhctv0ceQI,UH Seidman Cancer Center,0.1538,2,41.5075431,-81.6060473,POINT (-81.6060473 41.5075431),-9084343.631087797,5087494.867719814
ChIJb-uRbACvfkcRO4K-Wdti2eQ,Bacarandino Bistrot,0.7376,1,45.4350866,12.3475338,POINT (12.347533799999999 45.4350866),1374521.1751687343,5690279.022294897
ChIJb0NF3tGxfkcR67J6HLy6w6Y,Skill¨¤ Bar,0.8995285714285713,14,45.4348155,12.3237916,POINT (12.3237916 45.4348155),1371878.2055544222,5690236.015433074
ChIJb3ehVVKsfkcRVhDUW6BQ7CM,Laguna Bar,0.6220571428571429,14,45.4850769,12.4177532,POINT (12.4177532 45.485076899999996),1382337.9630205433,5698212.9366456475
ChIJb5QSdtmxfkcR23dn2HDi6bs,Minimarket Coop,0.1942166666666666,6,45.4369872,12.3398597,POINT (12.3398597 45.4369872),1373666.8982644377,5690580.536180632
ChIJb6_r1tCxfkcRxSO4Rg2v_Q8,BVLGARI Venice Store,-0.296,1,45.4333573,12.3365313,POINT (12.336531299999999 45.4333573),1373296.3824712813,5690004.692507721
ChIJb7t-a8-xfkcRXPD2HxP6ztQ,La Casa Di Loto,0.9402,1,45.4353904,12.3260452,POINT (12.3260452 45.435390399999996),1372129.0751588738,5690327.216876875
ChIJbT6kHd2xfkcRo-v5gtCDK5U,BEAUTY BOX - massaggio & benessere,0.8976375,16,45.4423167,12.3355306,POINT (12.3355306 45.4423167),1373184.9850568443,5691426.069805886
ChIJbTulA7CvfkcRUV-hZrepsp8,Estetica Diadema,0.19475,16,45.4127137,12.3697399,POINT (12.369739899999999 45.4127137),1376993.1469132388,5686730.516682686
ChIJbU3sdpWxfkcRA5YX6LhhAZ8,Trattoria da Mimmo,0.9747,2,45.4438159,12.3275655,POINT (12.327565499999999 45.4438159),1372298.314180727,5691663.934657123
ChIJbWiDIEOvfkcRpla-q89gLUk,CapRicci Hairstyle,0.0,4,45.4019721,12.3615347,POINT (12.3615347 45.401972099999995),1376079.7482273818,5685027.319819908
ChIJbZwZASI_zoARkznZz0bdTEg,Valley View Medical Center,0.4449428571428571,21,35.0032131,-114.5967415,POINT (-114.5967415 35.003213099999996),-12756850.9103484,4164317.800093252
ChIJbxczY7-zfkcReXAAWEb9FWs,Da Vittoria La Trattoria - Ristorante Campalto (Venezia),0.8453714285714286,14,45.4875046,12.2952296,POINT (12.295229599999999 45.4875046),1368698.6982583848,5698598.413858759
ChIJby1HxGq0fkcRPNZSKpGqkSI,Estetica Beauty Care,0.1556624999999999,16,45.4337182,12.3324571,POINT (12.3324571 45.4337182),1372842.8446018912,5690061.94366129
ChIJc23QerOxfkcRFTFhNertMW0,MARCIANINO l¡¯Osteria,0.66182,10,45.4451705,12.3291067,POINT (12.329106699999999 45.445170499999996),1372469.8797799374,5691878.86253683
ChIJc2rTEACxfkcR_CzHFrzshtU,Moro Cafe,0.9482333333333334,12,45.4319384,12.3297212,POINT (12.3297212 45.4319384),1372538.28560703,5689779.609712216
ChIJc3YsQcKxfkcR5S2GKMJNiRY,Cannabis Store Jamaica Venezia,0.3179714285714285,14,45.4438306,12.3297648,POINT (12.3297648 45.4438306),1372543.1391368285,5691666.267007862
ChIJc4KVM8-xfkcRjPZZdNF2nEs,Al Fontego Bar & Restaurant,0.8038857142857143,7,45.434805,12.3242899,POINT (12.3242899 45.434805),1371933.6760566845,5690234.349734355
ChIJc639NwCtfkcRKDaBGMN1skU,STORE CERAMIC HANDMADE,0.8547,2,45.4843091,12.4168379,POINT (12.416837899999999 45.4843091),1382236.0722906205,5698091.026603296
ChIJc9YTJMKxfkcR2Z_SnKVPJRw,Banco BPM,0.0,2,45.4440311,12.3289652,POINT (12.328965199999999 45.4440311),1372454.1280719903,5691698.079063318
ChIJcRGY8B-xfkcRG1ZPgrqamJY,CaC?? Beautiful People,0.9595,12,45.4363109,12.3269917,POINT (12.326991699999999 45.436310899999995),1372234.4390569099,5690473.245823392
ChIJcWVUeACxfkcR4LUbwtXvF8U,Bar,-0.45585,16,45.4415338,12.3225856,POINT (12.3225856 45.441533799999995),1371743.9542485254,5691301.856475007
ChIJcWZsF6ixfkcRGcBjQ2wdWHU,Aquila Restaurant - Wine Bar,0.7487857142857143,7,45.4422661,12.3234721,POINT (12.3234721 45.4422661),1371842.6389771139,5691418.041660103
ChIJcZdwNwyvfkcRp1Vr837WVNM,Giardini Napoleonici,0.6403,2,45.430083,12.3553239,POINT (12.3553239 45.430082999999996),1375388.365133963,5689485.292632192
ChIJcez3aGSxfkcRXq36muA9vrQ,USATA by MarcoPolo,0.34,1,45.4338633,12.3229116,POINT (12.3229116 45.4338633),1371780.244402524,5690084.961615359
ChIJcwAKSpGzfkcRV1aVaqrLW-c,Punto De Oro | Restaurant and Lounge Bar,0.9375142857142856,7,45.4894638,12.2811441,POINT (12.281144099999999 45.489463799999996),1367130.7075708162,5698909.513403536
ChIJd9XzdQCxfkcRiCs-rbwACRY,ALAM STORE,0.0,1,45.4423828,12.3084797,POINT (12.3084797 45.4423828),1370173.6926433446,5691436.557177132
ChIJdQaKbtuxfkcRXCDnSwvWAZ0,Trattoria Rialto Novo,0.9401333333333332,6,45.438385,12.3348865,POINT (12.3348865 45.438385),1373113.2841728246,5690802.291640609
ChIJdUZ16MwN1oYRB6ez9xoSQAU,Oro Valley Hospital,0.4867125,16,32.4291928,-110.9485214,POINT (-110.94852139999999 32.429192799999996),-12350732.906514617,3819781.6480961316
ChIJdUhLjiS0fkcRgF5gmnGl4h8,Soul Kitchen Caf¨¦,0.6431666666666667,12,45.4828063,12.2324849,POINT (12.2324849 45.4828063),1361713.9902044078,5697852.419258106
ChIJdXb39K6vfkcRJwJn2F2Yir4,Fashion Studio Di Vianello Sara,0.052725,16,45.4166889,12.3716958,POINT (12.3716958 45.4166889),1377210.8767052812,5687360.909761568
ChIJd_w4JSaufkcRatSy85NfLA8,Caff¨¨ Girani Antica torrefazione veneziana,0.417475,8,45.4344829,12.3463595,POINT (12.3463595 45.4344829),1374390.4526906956,5690183.252593781
ChIJdcAdvTuxfkcR3DKeftJAUTw,Bacaromi Restaurant,0.8534285714285714,7,45.4282143,12.3199681,POINT (12.319968099999999 45.4282143),1371452.575481374,5689188.875588273
ChIJe071Y9CxfkcRhIlbT2KwbVM,Caffe Brasilia,0.49366,10,45.4346547,12.3330891,POINT (12.333089099999999 45.434654699999996),1372913.1985200727,5690210.506480961
ChIJe4j2A7CvfkcR_HQpwAxbjQA,Parrucchiera Orlandina,0.9123,1,45.4126272,12.3696731,POINT (12.3696731 45.412627199999996),1376985.7107712538,5686716.799878393
ChIJe63d8hq0fkcRe0gIC_2t6rM,Laguna Restaurant,0.068025,8,45.4815341,12.2490286,POINT (12.249028599999999 45.4815341),1363555.626464245,5697650.430444806
ChIJe9BAsAZ-wokRwJIsGnttpsc,Nassau University Medical Center,0.9904,1,40.7265522,-73.553618,POINT (-73.553618 40.7265522),-8187951.301762961,4972091.459073007
ChIJe9TiZdexfkcRbBTs1D2xSYY,Alajmo S.p.A.,-0.0989249999999999,8,45.4343187,12.3380624,POINT (12.3380624 45.4343187),1373466.8237436349,5690157.204427583
ChIJeRPKr02xfkcRYceaOpL8S3Q,Nana Nail,0.0,1,45.4390335,12.318357,POINT (12.318356999999999 45.4390335),1371273.228649757,5690905.175474797
ChIJeWFfstCxfkcRjFUpqkCiYrc,Da Cherubino,0.93325,4,45.4344262,12.3358072,POINT (12.3358072 45.4344262),1373215.776027998,5690174.257877397
ChIJeyRsG9KxfkcR9jpSGhYrUP8,Parrucchiera Monica,0.0,1,45.4306885,12.3292313,POINT (12.3292313 45.430688499999995),1372483.7501884901,5689581.340394776
ChIJf3vZsCeufkcR-hNEnaG0fRc,Trattoria da Denis,0.9677,1,45.4356443,12.3458199,POINT (12.345819899999999 45.4356443),1374330.3846934636,5690367.495562948
ChIJf4FJjIuvfkcRUFZ3rQxp4dM,Pavis Gabriella,0.0,3,45.4021246,12.3616862,POINT (12.3616862 45.4021246),1376096.613130237,5685051.498078121
ChIJfTGsbW-xfkcR9fcNaXdiXKc,Venice Duck Store - The Original,0.9678,1,45.4377938,12.3372037,POINT (12.3372037 45.4377938),1373371.2336968908,5690708.499420719
ChIJfZWrxHGxfkcRn7_gXYQSyS0,1000 Coffee & Bakery,0.8638142857142858,14,45.4432672,12.3311564,POINT (12.3311564 45.4432672),1372698.0513402163,5691576.876530561
ChIJfZaizIK2fkcR8Jk_dyZsGYM,Trattoria reale,0.0,1,45.4744661,12.2236097,POINT (12.223609699999999 45.4744661),1360726.0074597197,5696528.318139161
ChIJfaN4FMSxfkcRL57fL05B6Zc,Stationary Store Venice Campo San Giacomo,0.0,1,45.4397503,12.327576,POINT (12.327575999999999 45.4397503),1372299.4830353803,5691018.896407076
ChIJfamC--exfkcR10kgZDnauVU,Mercatino Solidale Parrocchia San Luca Venezia,0.7506,1,45.4356974,12.333654,POINT (12.333654 45.435697399999995),1372976.0829004217,5690375.919367788
ChIJfbnmFxa0fkcRbxikCLTOeUs,ITAL INDIA Restaurant Halal Foods,0.9358857142857142,14,45.4461591,12.3261062,POINT (12.3261062 45.446159099999996),1372135.8656478124,5692035.722211089
ChIJffrW0wOufkcRYt8tkx0uTIA,Rivalonga Caf¨¦,0.96255,2,45.4563001,12.3555953,POINT (12.3555953 45.4563001),1375418.5772437642,5693644.938178026
ChIJfx4WtsexfkcRegYtnT-z-Xo,bArCollo,0.9573833333333334,12,45.4379026,12.3218687,POINT (12.3218687 45.4379026),1371664.1493055758,5690725.760161423
ChIJg3bS4Y21RIYREr5TRa1Lf1Q,St. David's Medical Center,0.7535714285714287,14,30.2898575,-97.7260089,POINT (-97.7260089 30.2898575),-10878809.54800692,3540863.000393365
ChIJg72qEB5PE4cRXb9MmjDUdW4,UCHealth Grandview Hospital,0.8028,2,38.9108389,-104.8170133,POINT (-104.8170133 38.9108389),-11668176.547027783,4708908.045175868
ChIJg76B-tqxfkcRMS0WgmN8htM,"Stefano e Claudia Parrucchieri - Hairdressing Salon, Hairdresser Venice, Parrucchiere Centro Storico",0.74295,2,45.4371165,12.3336135,POINT (12.3336135 45.437116499999995),1372971.5744610447,5690601.048885374
ChIJg7im0o22fkcRkZjZhEOsGK0,Trattoria Pizzeria Dal Bocoeto,0.7331333333333333,3,45.460041,12.2188425,POINT (12.2188425 45.460041),1360195.3251832097,5694238.632781178
ChIJgRiAOq-vfkcRO5d3ADdMXMg,ZACCA - Icecreams - Coffees & Natural Drinks,0.90445,16,45.4345128,12.3429164,POINT (12.3429164 45.4345128),1374007.1685519454,5690187.99584292
ChIJgSMI-7exfkcR3B7nnpiROBM,Trattoria Alle Burchielle,0.9492,1,45.4369012,12.3195543,POINT (12.3195543 45.4369012),1371406.511476084,5690566.892799022
ChIJgZv3SACxfkcRKrmSRs2HXN8,Patria de la campana,-0.296,1,45.4360432,12.3357486,POINT (12.335748599999999 45.4360432),1373209.2527058374,5690430.777409384
ChIJg_bgvS-ufkcRs6s7NP-hKCM,Tratoria-Pizzeria Sottoprova,0.8398,1,45.4321456,12.3515462,POINT (12.3515462 45.4321456),1374967.8334935931,5689812.477887974
ChIJgba9G9KxfkcROZAGilD2dxM,Trattoria ai Cugnai dal 1911,0.9889,2,45.4306632,12.3293962,POINT (12.3293962 45.4306632),1372502.1067725222,5689577.327148064
ChIJgdJEZZWxfkcROxJdN-UdpCo,Parrucchiera Stefania Di Fassan Stefania,0.0,1,45.4470389,12.3205114,POINT (12.3205114 45.447038899999995),1371513.055360722,5692175.321064925
ChIJgxH9S0-vfkcRKDV8XuJl5Bs,Imperial Lido Fruits,0.0,1,45.4038965,12.3630722,POINT (12.3630722 45.403896499999995),1376250.9019444764,5685332.430441272
ChIJgxfQEduxfkcRGbPbDICznyY,Caff¨¨ del Doge,0.90295,16,45.4383149,12.3342826,POINT (12.3342826 45.438314899999995),1373046.0583323345,5690791.1704211
ChIJh2X4sd6xfkcRcrjh019fmNs,Bar Ai Miracoli,0.1843166666666666,12,45.4398245,12.3393477,POINT (12.3393477 45.4398245),1373609.9026851512,5691030.668382972
ChIJh42nfdexfkcRyfkhs18FD4c,Exchange,0.915,1,45.4335674,12.3371383,POINT (12.3371383 45.4335674),1373363.9534021926,5690038.021549823
ChIJh99wf8-xfkcReHhAJO0x94g,Crai,-0.07655,2,45.435846,12.3274285,POINT (12.3274285 45.435846),1372283.0634104882,5690399.493372234
ChIJh9Oka9qxfkcRry1r4-DvNso,Calvin Klein,0.59425,16,45.4361116,12.3351425,POINT (12.3351425 45.4361116),1373141.7819624676,5690441.6284904005
ChIJhQJBnYOL24kR67upfw1h2po,A.O. Fox Hospital,-0.3457666666666667,3,42.4578897,-75.05229159999999,POINT (-75.05229159999999 42.457889699999996),-8354782.883780282,5229817.804240233
ChIJhXOXcD6vfkcRMy5-K3G7Ea4,Coop Querini CASTELLO,0.339725,4,45.4397227,12.3458931,POINT (12.3458931 45.4397227),1374338.5332801896,5691014.517616757
ChIJhYBZl9GxfkcRF77Kkmcaz0U,The Gritti Epicurean School,0.9578,1,45.4317364,12.3334309,POINT (12.3334309 45.4317364),1372951.2475220256,5689747.566529618
ChIJhYUrbbixfkcRgx1hS4joBoc,Pullman Bar Venezia,0.30582,20,45.4379831,12.3177385,POINT (12.317738499999999 45.4379831),1371204.3775447013,5690738.531227206
ChIJhf-cMy23fkcREQzAjeREI_I,Trattoria al Cacciatore,0.2863666666666666,3,45.4277801,12.2408261,POINT (12.2408261 45.4277801),1362642.5283410128,5689120.003294712
ChIJi49FrNuxfkcRCg-gDTc2Dis,Trattoria alla Madonna,0.35695,2,45.4382262,12.3345128,POINT (12.334512799999999 45.438226199999995),1373071.684079115,5690777.098369996
ChIJi5xhTQCxfkcR-4D1rYMVGjY,Albero dell¡¯ombra,0.0,1,45.43771,12.3302,POINT (12.3302 45.437709999999996),1372591.5853792217,5690695.20486555
ChIJi6jDbMSxfkcRcSjYYJQOaYc,Restaurant Patachic(ex la patatina di san giacomo),0.9638,8,45.4399454,12.3278598,POINT (12.327859799999999 45.4399454),1372331.0755068674,5691049.849438853
ChIJiVsrmTi0fkcRuo6wYdpebEY,Fideuram - Intesa Sanpaolo Private Banking Spa,0.0,1,45.4930648,12.2389134,POINT (12.2389134 45.4930648),1362429.6075509726,5699481.341066688
ChIJiWB1GtixfkcR1g595YQMoaY,Il Ridotto Restaurant,0.8947428571428572,7,45.4351813,12.3417012,POINT (12.3417012 45.435181299999996),1373871.8931067334,5690294.045397127
ChIJiWB1GtixfkcRrDv1BlczvMk,Aciugheta,0.9469666666666666,3,45.4352047,12.3416451,POINT (12.3416451 45.4352047),1373865.6480832999,5690297.757550876
ChIJi_7bSdyxfkcROSqa8RX66ww,Frutta e Verdura Eredi di Maccanin Marco SNC,0.0,1,45.4415931,12.337797,POINT (12.337797 45.4415931),1373437.2795507782,5691311.264832759
ChIJic35_MaxfkcRvYl9zx4KzL0,Luggage Storage Venice,0.883,1,45.4393375,12.3230335,POINT (12.3230335 45.4393375),1371793.8142484517,5690953.405158043
ChIJichxUQCxfkcRoPYzaK3QQAI,Conad City Supermercato,0.074,8,45.4371769,12.3281337,POINT (12.328133699999999 45.4371769),1372361.5659153957,5690610.631015683
ChIJidUtAcKxfkcRYXhGuTpGWO0,Camuffo Canareggio,0.0,1,45.4452477,12.3288914,POINT (12.3288914 45.445247699999996),1372445.9126935697,5691891.111645701
ChIJifu7VNixfkcRqoEhCUtGJqY,Pasta & Pasta,0.957,1,45.4365141,12.3396581,POINT (12.3396581 45.4365141),1373644.4562550934,5690505.481974803
ChIJj24las6xfkcRHzEXMmBcbno,Agli Alboretti Venice Restaurant,0.9055142857142858,7,45.4306253,12.328451,POINT (12.328451 45.430625299999996),1372396.8875898242,5689571.315212682
ChIJj4nEX66vfkcR3ntDWoalN2Y,Parrucchiere Giulio,0.241675,16,45.4157515,12.3722224,POINT (12.3722224 45.4157515),1377269.4975491331,5687212.251488697
ChIJj9J9y8OxfkcRaHG5jd1zpIU,Marilyn Studio Venice,0.9738,1,45.4432358,12.3291462,POINT (12.3291462 45.4432358),1372474.276899824,5691571.8945529405
ChIJjTx4zsWxfkcRQroIXomDrkI,"""La commedia"" Original Venice Paper Mache Mask shop",0.82596,5,45.4382304,12.3263836,POINT (12.3263836 45.438230399999995),1372166.7456745584,5690777.764689842
ChIJjVe-r-KxfkcRtmt3rLj-0Zk,Bar dell Isola,-0.2082375,8,45.4519384,12.3500082,POINT (12.3500082 45.451938399999996),1374796.624116753,5692952.770058618
ChIJjZhi6cmxfkcRQTF2RBjLL_4,Park in Fondamenta de la Pescaria,0.0,1,45.4324259,12.3176801,POINT (12.317680099999999 45.4324259),1371197.876486439,5689856.942122796
ChIJjZjunYSxfkcRaFJoBGFHDFY,Claudia Cavei,0.6734,1,45.4411162,12.3258933,POINT (12.325893299999999 45.441116199999996),1372112.1657282223,5691235.6016083425
ChIJja1DCy-ufkcRzQ1xRGShzpI,Wine bar Angio,0.8301714285714287,7,45.4323151,12.3503877,POINT (12.350387699999999 45.4323151),1374838.8698635092,5689839.365795231
ChIJjc57V92xfkcRyRqCXtss6ow,Texhair Giudecca,0.7013428571428572,14,45.4254485,12.3317532,POINT (12.3317532 45.425448499999995),1372764.4868123217,5688750.1767040845
ChIJjcJrc1yvfkcRzqg-5sg8H5Q,Non solo pane Venezia,-0.1013714285714285,14,45.4273226,12.3617115,POINT (12.3617115 45.4273226),1376099.429513354,5689047.435755729
ChIJjfZZCduxfkcRQQa1htt5Bos,Caff¨¨ Vergnano 1882,0.0886666666666666,12,45.4386901,12.335534,POINT (12.335533999999999 45.438690099999995),1373185.3635431132,5690850.695283311
ChIJk6QlJFaxfkcRc6kNXCWjcMM,Bar Clodia,0.7756166666666666,12,45.4345215,12.3418465,POINT (12.341846499999999 45.434521499999995),1373888.0678287456,5690189.37598612
ChIJk9zkqDexfkcRtwpucSZSRbA,Eddy fast food,0.2121125,16,45.442334,12.308619,POINT (12.308619 45.442333999999995),1370189.199448412,5691428.814608369
ChIJkR-a19mxfkcRH0hFYFpiAC8,Unicredit,0.1147333333333333,12,45.4349583,12.3386907,POINT (12.338690699999999 45.4349583),1373536.7657797004,5690258.668966408
ChIJkSzHrf-zfkcRioU3nKHPDMM,Baia del Forte,0.3612,1,45.4735474,12.2633192,POINT (12.2633192 45.4735474),1365146.448779375,5696382.476101486
ChIJkWsQ0tuxfkcRzDTWuEfXfdg,Caff¨¨ Rialto,-0.2261142857142857,28,45.4375482,12.3368438,POINT (12.336843799999999 45.437548199999995),1373331.169812154,5690669.535959286
ChIJka7tdpWxfkcRRJDdiS3-sYk,Torrefazione Cannaregio,0.916925,8,45.4457284,12.327885,POINT (12.327885 45.4457284),1372333.8807580352,5691967.383352317
ChIJkdLDIkOxfkcRn6QauoU8Qg4,Spicy Puppa,0.97415,2,45.4406378,12.3370976,POINT (12.3370976 45.4406378),1373359.4226989176,5691159.701041934
ChIJkdPdzNGxfkcR6jGx-foE_UE,Campo Santo Stefano,0.9902,1,45.4333292,12.3305391,POINT (12.3305391 45.433329199999996),1372629.3338185498,5690000.234896554
ChIJkzQFGZ2zfkcRUpO8nPP3QAs,Trattoria Pizzeria Da Piero,0.926,1,45.5051234,12.2883973,POINT (12.2883973 45.505123399999995),1367938.1301014377,5701396.475721841
ChIJl14O4eqxfkcRTSK1pzkmshk,Conad City - Supermarket,0.7337428571428571,7,45.4480222,12.3253576,POINT (12.3253576 45.4480222),1372052.5318770045,5692331.3449565815
ChIJl2QVvi-ufkcR9Z2U7gJqvmU,Da Giulio,0.90576,10,45.4320519,12.351961,POINT (12.351961 45.4320519),1375014.008818374,5689797.614224049
ChIJl5NoiAOvfkcRZ6IS0h_3_pY,Docks cafe,0.4024142857142857,14,45.4331739,12.3588125,POINT (12.358812499999999 45.4331739),1375776.7143095445,5689975.599099767
ChIJl7X0FQKufkcRGZX2PCH8nm0,Antica Trattoria Muranese,0.8643,1,45.4561885,12.3539126,POINT (12.3539126 45.456188499999996),1375231.2599366063,5693627.227452164
ChIJl9478tCxfkcRczwcxNeyI9E,Luca La Fenice Di Bernardini Luca & C.,0.39225,2,45.4343518,12.3341621,POINT (12.334162099999999 45.434351799999995),1373032.644333694,5690162.4553002985
ChIJlSJN4ZmxfkcRkG0vxm3qe2E,Dolce Vita Venezia,0.89385,8,45.4359037,12.3254441,POINT (12.325444099999999 45.4359037),1372062.161012958,5690408.646955968
ChIJlWHWBtyxfkcRqijQhh9K53Y,Trattoria Tre Spiedi,0.9532666666666666,3,45.4396799,12.3374555,POINT (12.337455499999999 45.439679899999994),1373399.2639446724,5691007.727322964
ChIJla6Gwhe0fkcR146l3kWFS-Q,Wine Not,0.5116666666666667,6,45.484802,12.2415801,POINT (12.2415801 45.484801999999995),1362726.463237071,5698169.288277253
ChIJlyvrkma0fkcR08ll0GG-Dcc,Trattoria Pizzeria Al Cavallino,0.8896,2,45.5045619,12.2538871,POINT (12.2538871 45.5045619),1364096.4722102638,5701307.289754441
ChIJm-imJdyxfkcRpEyiLVfYZQ0,Algiubagio Restaurant,0.9643285714285714,7,45.4430999,12.3403024,POINT (12.340302399999999 45.4430999),1373716.179403012,5691550.332458846
ChIJm8B2RGqxfkcRA2kb1NqlzH0,Euronet ATM,-0.401,2,45.4405004,12.325076,POINT (12.325076 45.4405004),1372021.1843083971,5691137.901959759
ChIJmQGzMdCxfkcRtibrWd0o3ak,Nonno Bepi,0.7775666666666666,3,45.433764,12.3305453,POINT (12.330545299999999 45.433764),1372630.0239993928,5690069.209142812
ChIJmSzcVRS0fkcR9oHUeqNNhQk,Bar Trattoria all'Ancora,0.9296125,8,45.4901701,12.246232,POINT (12.246232 45.4901701),1363244.310376292,5699021.668776971
ChIJmVwCfxJJE4cRr3OoygeU0gc,CommonSpirit St. Francis Hospital,-0.9838,1,38.9382588,-104.7173539,POINT (-104.71735389999999 38.9382588),-11657082.513367021,4712831.530137805
ChIJmyhBZNyxfkcRwajuYZtXgOo,Trattoria Pizzeria Casa Mia,0.88385,2,45.4406839,12.3363466,POINT (12.336346599999999 45.440683899999996),1373275.8217613318,5691167.015010803
ChIJmyrEsw_AQIYRSlDHXp3mjUo,The Woman's Hospital of Texas,-0.5503,1,29.6932734,-95.4025991,POINT (-95.40259909999999 29.6932734),-10620168.752166819,3464183.616017647
ChIJn-W51NmxfkcRNc89FDreM28,Ristorante Trattoria Sempione,0.0,1,45.4349575,12.3394519,POINT (12.3394519 45.434957499999996),1373621.502176092,5690258.542055698
ChIJn0YUDtqxfkcRQ8oGQSR6UBw,BPER Banca,0.0813714285714285,14,45.4355967,12.3356411,POINT (12.3356411 45.4355967),1373197.2858605771,5690359.944287007
ChIJn3cxOwCufkcRCixcJjyikc8,Francy,0.0,1,45.4600758,12.3543444,POINT (12.354344399999999 45.4600758),1375279.3276927308,5694244.15585422
ChIJn4dIRTmxfkcRLAwDMBZSFy8,Essenza Zen Parrucchieri,0.5466,2,45.4389359,12.3401384,POINT (12.340138399999999 45.4389359),1373697.9230065218,5690889.691263176
ChIJn5pUkgKufkcRltes-XEfu_8,NICOLA MORETTI MURANO SHOP,0.2859666666666666,6,45.4550854,12.3530573,POINT (12.3530573 45.455085399999994),1375136.0483761309,5693452.16928653
ChIJnQ0dHMmxfkcR4MwKa6C217I,Palazzo Foscarini,0.9282,1,45.434018,12.32168,POINT (12.321679999999999 45.434017999999995),1371643.143317663,5690109.502531646
ChIJnZ3Rtj-0fkcRCRZPzbrkHA0,Banco BPM,0.0,1,45.4918389,12.2420856,POINT (12.2420856 45.4918389),1362782.735239667,5699286.667833367
ChIJncGyS8ixfkcRtCB9Bk5t5iU,Prix Discount Super Market,0.4333333333333333,6,45.4347351,12.3194038,POINT (12.3194038 45.4347351),1371389.7578927195,5690223.260947931
ChIJncoJaVixfkcRurjMBgZ90xs,TUDAY CONAD,0.7485,1,45.4284716,12.3311678,POINT (12.3311678 45.428471599999995),1372699.3203824114,5689229.688461786
ChIJndSrWrZMeUcRQJvmomYyo0E,Centro Estetico Jacqueline Wellness and Beauty Lido di Venezia,0.190375,16,45.4028613,12.3613889,POINT (12.3613889 45.4028613),1376063.517845624,5685168.2998027
ChIJnfh-QKyxfkcR4nRlnMX3dBg,CONAD CITY,0.5840666666666667,3,45.434023,12.3240456,POINT (12.3240456 45.434022999999996),1371906.4807050836,5690110.295710411
ChIJnxzDhEGlfkcRY0RcwWctjm8,Trattoria da Scarso,0.8591500000000001,2,45.3721888,12.3375556,POINT (12.3375556 45.372188799999996),1373410.4070257007,5680306.548420511
ChIJnzXLmlKxfkcRjyXKJnlQTZw,Zakir restaurant,0.0,1,45.4416249,12.3340967,POINT (12.3340967 45.4416249),1373025.364038996,5691316.310128177
ChIJo7Gd6SWufkcR69KQsc33ux4,Trattoria Pizzeria da Paolo,-0.0082,4,45.4345777,12.3496718,POINT (12.3496718 45.4345777),1374759.1762400502,5690198.291399032
ChIJo7tJWQGufkcRdofgsOZj4JE,Bar Da lce,0.6600857142857143,7,45.4568861,12.3572659,POINT (12.3572659 45.4568861),1375604.5475850834,5693737.935933867
ChIJo8xJv86xfkcR9oGuYgB1fxY,TRATTORIA PIZZERIA PAN E VIN,0.97975,2,45.432769,12.324265,POINT (12.324264999999999 45.432769),1371930.9042013637,5689911.368677288
ChIJoQ5z1OKxfkcRDjYGWnOknUs,Venice Duck Store - The Original,0.9524,1,45.4407988,12.335227,POINT (12.335227 45.440798799999996),1373151.1884594394,5691185.244429935
ChIJoR0s-9OxfkcR4gMNM9LHxuc,60/40 Take Away,0.9406,14,45.430212,12.3335298,POINT (12.333529799999999 45.430212),1372962.2570196653,5689505.755240072
ChIJoZ7wD8SxfkcRnG6X0BnuTho,Trattoria Alla Ferrata,0.9509,1,45.4402911,12.3252708,POINT (12.3252708 45.440291099999996),1372042.8693452037,5691104.6957451925
ChIJoapdvcWxfkcRYB83-PdD1X4,L'archivio,0.7920166666666667,24,45.4372707,12.3272777,POINT (12.3272777 45.4372707),1372266.2764312765,5690625.511894014
ChIJoaq7-q2vfkcRcir9UrsYtT0,Prix,0.4215,1,45.4172503,12.3727791,POINT (12.372779099999999 45.4172503),1377331.4691096577,5687449.940977653
ChIJocmHN8KxfkcR5AejdWA0HjM,Dama Restaurant Venezia,0.9337166666666666,6,45.4444309,12.323638,POINT (12.323637999999999 45.4444309),1371861.1068806364,5691761.513115382
ChIJp1ItsNmxfkcR-8zfdU1E6Pg,Pizzeria Birreria Barbanera,0.9609857142857144,28,45.4364218,12.3395394,POINT (12.3395394 45.4364218),1373631.2426315364,5690490.83925975
ChIJp1sxCUixfkcRpY8V_Mk6nUc,CLC Art concept store,0.0,2,45.4387226,12.3287319,POINT (12.3287319 45.4387226),1372428.157234788,5690855.851373426
ChIJp3E4MI-xfkcRMke-YEst-2g,Crai SanMarco Supermarket,0.4397,3,45.4348309,12.3376175,POINT (12.337617499999999 45.4348309),1373417.297702181,5690238.458458421
ChIJp8qkZs-xfkcRhQyan0VkUgA,Al Vecio Forno,0.9779,2,45.435808,12.3262592,POINT (12.326259199999999 45.435807999999994),1372152.8975299038,5690393.46502064
ChIJpRrqE9ixfkcR0jtQYBcvoqo,Antica Osteria Ai Tre Leoni,0.9776,4,45.4355845,12.3417943,POINT (12.3417943 45.4355845),1373882.2569513263,5690358.008876972
ChIJpS7JbIexfkcRuot-2YvxpKU,Oppa Ristorante coreana e cinese,0.92936,10,45.4421384,12.3217142,POINT (12.321714199999999 45.4421384),1371646.9504442483,5691397.780936854
ChIJpUqC2NCxfkcR9hina6HP1l4,Deutsche Bank,0.0119999999999999,2,45.4361922,12.3350156,POINT (12.3350156 45.4361922),1373127.655519086,5690454.415015032
ChIJpVrcEduxfkcRakLUKxMDp6E,Giuman Veronica,0.5730000000000001,2,45.4379915,12.3341692,POINT (12.3341692 45.437991499999995),1373033.4347020783,5690739.863861208
ChIJpW3ERVCxfkcR-JIbXVo05jQ,Maramao,0.9136,21,45.4441159,12.3329644,POINT (12.3329644 45.4441159),1372899.3169795708,5691711.533772164
ChIJp_9FIVOufkcRFRjH3nrpAs0,Minimarket Coop,0.2207428571428571,7,45.421781,12.378795,POINT (12.378795 45.421780999999996),1378001.156034321,5688168.487325639
ChIJpwifHtCxfkcR5WrUIZoix5s,Alimentari De Rossi Paolo,0.8913,2,45.4344393,12.3298189,POINT (12.3298189 45.4344393),1372549.1615212804,5690176.336020945
ChIJpzPuZFaxfkcRaMv5GutoGpo,Carmagnola Head,0.312,2,45.4342027,12.3394281,POINT (12.3394281 45.4342027),1373618.8527722112,5690138.802601896
ChIJq0-QctqxfkcR1BhNSoHhOEE,Caff¨¨ alla citt¨¤ di Torino,0.2968166666666667,24,45.4358795,12.3350555,POINT (12.3350555 45.4358795),1373132.0971667685,5690404.807843452
ChIJq1_zPoKxfkcR3Z_fgeJXzA0,BB - Parrucchieri,0.2922857142857143,14,45.4362729,12.3422788,POINT (12.342278799999999 45.4362729),1373936.1912446157,5690467.217422133
ChIJq6UHkjSxfkcRlhiVQZySClM,Bailo Supermercati,0.4819333333333333,3,45.4397383,12.3372441,POINT (12.3372441 45.439738299999995),1373375.7310043187,5691016.992584936
ChIJq6rWOdexfkcRf4EwoRS2zq0,Stone Island,0.9059,1,45.4337161,12.336694,POINT (12.336694 45.4337161),1373314.4941524332,5690061.610527999
ChIJqSV1uA-0fkcRJnFtTmvelWs,Trattoria al Camionista,0.5965,2,45.4831027,12.255133,POINT (12.255132999999999 45.483102699999996),1364235.1651638432,5697899.479718504
ChIJqY-WmQKufkcRGIc5BHsVexI,B Restaurant alla Vecchia Pescheria,0.928425,4,45.4539861,12.3517028,POINT (12.3517028 45.453986099999995),1374985.2661258513,5693277.717574402
ChIJqYxb0tmxfkcRT8DsjCNJZno,Caff¨¨ Vero,0.1181428571428571,14,45.4352264,12.339397,POINT (12.339397 45.4352264),1373615.3907360474,5690301.200019618
ChIJq_jlPAezfkcRh4fokd-JhlE,Trattoria Da Ugo,0.4722666666666666,12,45.4853543,12.2883853,POINT (12.2883853 45.4853543),1367936.7942675482,5698256.982177648
ChIJq_t62QixfkcRKQN7NSyKNvQ,Supermercato Coop,0.7906,1,45.4421102,12.3331447,POINT (12.3331447 45.442110199999995),1372919.3878837607,5691393.306766095
ChIJqcs2AV6xfkcR7rly0S0skfQ,Ristorante Al Mercante,0.9563,1,45.4360573,12.3389414,POINT (12.3389414 45.436057299999995),1373564.673576042,5690433.014253955
ChIJqzo0lMaxfkcRhwRo4Wp1DqU,Trefanti,0.957275,8,45.4397118,12.3249208,POINT (12.3249208 45.4397118),1372003.9075234258,5691012.788312474
ChIJr0jY-mCxfkcR1ryGjqR11Sg,Panini e Vini da Babbo,0.9310090909090908,11,45.4338722,12.3241711,POINT (12.3241711 45.433872199999996),1371920.4513011782,5690086.373469741
ChIJr18EQdCxfkcR0Z_-pCW8Mqc,Maneki Neko,0.9785,1,45.4342008,12.331658,POINT (12.331658 45.4342008),1372753.8891967982,5690138.501192998
ChIJr46aRdexfkcRAKuGmkazWWE,CrÃ©dit Agricole Italia,0.9431,1,45.435782,12.334506,POINT (12.334506 45.435781999999996),1373070.9271065774,5690389.340361363
ChIJr6O5GmWxfkcRj7m31gy9rXk,Da Mario & I Fioi,0.7434857142857142,14,45.4397119,12.340673,POINT (12.340672999999999 45.4397119),1373757.4344062998,5691012.80417765
ChIJr6rjRNqxfkcR6MWYsM1pwTI,Coop,-0.0168499999999999,2,45.4364907,12.3343808,POINT (12.3343808 45.4364907),1373056.9899063304,5690501.769734918
ChIJrZkzKsqxfkcROfUnpmXBz5Y,Trattoria Anzolo Raffaele,0.92045,2,45.4321269,12.3192372,POINT (12.3192372 45.4321269),1371371.2120655533,5689809.511498434
ChIJre9iKgCxfkcRQqjaKl-0xfc,Shop Enoteca,0.8655714285714285,7,45.4389487,12.3339249,POINT (12.3339249 45.4389487),1373006.2393504777,5690891.721977928
ChIJrfD7w-CqFIcRU7qTi-Ga6-Y,UCHealth Pikes Peak Regional Hospital,0.3783,3,38.9743417,-105.0738612,POINT (-105.0738612 38.9743417),-11696768.724467104,4717996.907387638
ChIJs37qohKxfkcRBxRHcwCk91Q,Zoja Restaurant,0.6385625,8,45.4445121,12.324655,POINT (12.324655 45.4445121),1371974.318802773,5691774.396724652
ChIJs4f3kcuxfkcR2X7NorkQ1X0,CONAD CITY,0.7373,3,45.43066,12.3215101,POINT (12.3215101 45.430659999999996),1371624.2301361773,5689576.819543866
ChIJs53k3cCxfkcReaJAc_adKKI,Euronet ATM (Venice Art Style),0.0086,3,45.4421184,12.3232901,POINT (12.3232901 45.4421184),1371822.3788297893,5691394.607765871
ChIJs7sageuxfkcRrN5CiATrh_U,W.j nail,0.0,1,45.4355526,12.3250453,POINT (12.3250453 45.4355526),1372017.7668000297,5690352.948257628
ChIJsaKihzmufkcRrk3bQDfBnpE,Campo San Piero de Casteo,0.4523,12,45.4347133,12.3590844,POINT (12.359084399999999 45.4347133),1375806.982079091,5690219.80264539
ChIJsbe1Iyi0fkcRofdwa-8di9s,BNL BNP Paribas,0.0,1,45.4764167,12.2233037,POINT (12.223303699999999 45.4764167),1360691.9436955368,5696837.98040217
ChIJscIFPw2xfkcRR-fz7lDMMnk,Rimani Venezia,0.8078333333333333,3,45.4412057,12.3374778,POINT (12.3374778 45.4412057),1373401.7463693172,5691249.801305
ChIJsf45WwCzfkcRyDszW7WyDkQ,Trattoria Bar Pizzeria at Camping Rialto,-0.0037714285714285,14,45.4842432,12.2834229,POINT (12.2834229 45.484243199999995),1367384.3824264356,5698080.563185291
ChIJsxptx8ixfkcRTzdbReB2cQk,Caffetteria Tre Ponti,0.2685,14,45.4369408,12.3202725,POINT (12.3202725 45.436940799999995),1371486.4611343716,5690573.175097737
ChIJt1f70M2xfkcRM0L0xl1wMx4,La Rivista Restaurant,0.7525375,8,45.4304569,12.3281207,POINT (12.3281207 45.430456899999996),1372360.1187620154,5689544.602598746
ChIJt62djN6xfkcRtBKtGbOFQI4,Beccafico Guna Restaurant,0.9615666666666668,6,45.4330708,12.3306966,POINT (12.3306966 45.433070799999996),1372646.8666383498,5689959.244013909
ChIJtRsV2NCxfkcR010nUbkQ7xs,Moncler Venezia,0.8811,2,45.4331159,12.335387,POINT (12.335386999999999 45.4331159),1373168.9995779665,5689966.398368838
ChIJtSHNxt6xfkcRFPVt-xZ9s4w,Trattoria - Pizzeria La Perla Venezia,0.56365,2,45.4412193,12.3372678,POINT (12.3372678 45.4412193),1373378.3692762502,5691251.959026241
ChIJtUq2I9exfkcRfGSjEE9peO4,BALENCIAGA,0.5411,1,45.4332878,12.3362891,POINT (12.3362891 45.433287799999995),1373269.4208906111,5689993.667459232
ChIJt_1GUCGufkcRc3bL5dAtWsI,Pizzer¨ªa Trattoria Alla Fonte,0.6802666666666667,3,45.434652,12.3472956,POINT (12.347295599999999 45.434652),1374494.6588660274,5690210.078159625
ChIJtfpqidyxfkcRD_bn9OgDGjE,Brasilla take away,0.8550142857142857,14,45.440566,12.3354517,POINT (12.3354517 45.440566),1373176.2019490208,5691148.309666315
ChIJtwq5UFKsfkcRPiQTh7XiBZc,Trattoria Da Primo,0.5934,4,45.4853103,12.41798,POINT (12.41798 45.485310299999995),1382363.2102810552,5698249.995849521
ChIJty6wSdS_yIARrkqysiPz_cw,ER at South Summerlin,0.93096,10,36.1159139,-115.31743,POINT (-115.31743 36.115913899999995),-12837077.587188968,4316582.690090526
ChIJu-kBVwGufkcRzSrmXr1XDmM,Parco Navagero,0.70235,2,45.4567653,12.3577574,POINT (12.357757399999999 45.4567653),1375659.2611148083,5693718.764986351
ChIJu1VzSjqvfkcRHybCrUjzrNY,Trattoria del Local,0.9422,3,45.4356539,12.3451257,POINT (12.345125699999999 45.4356539),1374253.106702955,5690369.01851013
ChIJu1_DqRmwfkcRimH_WrbinWI,Sagra Rooftop Restaurant and Bar,0.8289166666666667,12,45.4065857,12.3212337,POINT (12.321233699999999 45.4065857),1371593.4614289221,5685758.816321313
ChIJu2dOT9exfkcRvvMggtJCN9Q,Hard Rock Cafe,0.958475,16,45.4341059,12.3368577,POINT (12.3368577 45.4341059),1373332.717153076,5690123.446624587
ChIJu93YP16xfkcRdkQTPa9kswQ,Port San Giuliano,-0.4215,1,45.4662324,12.2805604,POINT (12.280560399999999 45.466232399999996),1367065.7303840402,5695221.317309208
ChIJu9Vua9uxfkcRmWZCVM1S9ok,MODE HAIR ANDREA,0.6531,1,45.4387721,12.3342838,POINT (12.3342838 45.4387721),1373046.1919157233,5690863.704500998
ChIJuQj3edmxfkcR2ecf0hiN8H8,Farini,0.9212666666666666,12,45.4375254,12.33825,POINT (12.338249999999999 45.4375254),1373487.7072801075,5690665.918838732
ChIJuSRmfDaxfkcRfjXyvsdQCL4,Ristorante Due Fratelli,0.9731,1,45.444142,12.3287319,POINT (12.3287319 45.444142),1372428.157234788,5691715.674907142
ChIJuWpt1savfkcRQLNBVnXf78g,Bar Spiaggia 2,0.228325,32,45.4175616,12.3799774,POINT (12.3799774 45.4175616),1378132.7802002348,5687499.309755239
ChIJuXoBWtGxfkcRyUzXIM8xANs,Oro Restaurant,-0.1862285714285714,7,45.4322133,12.3329034,POINT (12.3329034 45.4322133),1372892.5264906322,5689823.217178121
ChIJua6CaM-xfkcRvVH0un-7oyk,Trattoria Ca' Foscari al Canton,0.4256999999999999,2,45.4355179,12.3261143,POINT (12.326114299999999 45.4355179),1372136.7673356878,5690347.443449238
ChIJud_DMMuxfkcR54bGvTxaSvY,Minimarket Coop,0.3979125,8,45.4438405,12.3294601,POINT (12.329460099999999 45.4438405),1372509.2200879839,5691667.83777503
ChIJudiCame0fkcRJ_lAO25Q3wA,Pasticceria Cafe' Retr¨°,0.8280875,16,45.5053189,12.2507699,POINT (12.2507699 45.5053189),1363749.467093563,5701427.528213128
ChIJuypz9F-xfkcRkm6SYPQiX_M,Supermercato DESPAR San Marco,0.71065,2,45.4355296,12.3334439,POINT (12.333443899999999 45.435529599999995),1372952.694675406,5690349.299536991
ChIJv-mp6M-xfkcRzhId0H8OqQk,Al Ponte Del Lovo,0.89645,8,45.436558,12.3358644,POINT (12.3358644 45.436558),1373222.1435028713,5690512.44639481
ChIJv7GupNexfkcR6wVcaJVlSH8,Caff¨¨ Gelateria Al Todaro Dal 1948,0.96745,4,45.4332609,12.3395413,POINT (12.339541299999999 45.4332609),1373631.454138569,5689989.400213892
ChIJv9VITc-xfkcRNkZy5oCc8uI,Al Nono Risorto,0.87845,2,45.4397051,12.3313417,POINT (12.3313417 45.4397051),1372718.6788418603,5691011.7253457885
ChIJvWmzvnGxfkcRBx0hSMuy-go,Banca Monte dei Paschi di Siena S.p.A.,0.5994,1,45.440666,12.3227805,POINT (12.322780499999999 45.440666),1371765.650417281,5691164.1750959335
ChIJvXixAQCxfkcRLiGhSFNDRyM,Trattoria DiGiorgio,0.9448,6,45.4358481,12.3442607,POINT (12.3442607 45.4358481),1374156.8153434186,5690399.826518098
ChIJvbUGCAKufkcR4q_WbA1JJeM,Trattoria Ai Frati,0.8685,1,45.456271,12.352562,POINT (12.352561999999999 45.456271),1375080.9118323412,5693640.32005527
ChIJveaCT5GvfkcRbzyvpIZlAtk,Beauty Lab,0.0,1,45.3973106,12.3580674,POINT (12.3580674 45.3973106),1375693.7701569542,5684288.289332612
ChIJvwqUPC2vfkcRzY-C6CQzj08,Frutta e verdura,0.59615,2,45.4269018,12.36138,POINT (12.361379999999999 45.426901799999996),1376062.527102156,5688980.690000894
ChIJvxfDXrKtfkcR7chnZNc6SSQ,Bar Cafe Palmisano,0.42675,24,45.4854051,12.4176592,POINT (12.4176592 45.4854051),1382327.4989884088,5698265.048217821
ChIJw2lDew2xfkcR-0navO9PXeI,Bacaro Risorto Cannaregio,0.875,1,45.4404043,12.3371213,POINT (12.3371213 45.4404043),1373362.0609708494,5691122.655326118
ChIJw6N8XhSxfkcR5Bqhww9G0_w,OVS,0.0,1,45.4356864,12.3356681,POINT (12.3356681 45.435686399999994),1373200.2914868284,5690374.174322821
ChIJw9zQZMexfkcRIeWOgVng8Lg,Relaxation & Coffee,-0.6013666666666667,6,45.4413215,12.3214797,POINT (12.3214797 45.4413215),1371620.8460236571,5691268.173683377
ChIJwSLH1NuxfkcR5vvWzfsdDIE,Trattoria Aquila Nera,0.29718,10,45.4374923,12.3372011,POINT (12.3372011 45.437492299999995),1373370.9442662145,5690660.667670706
ChIJwUL588tJeUcR7afaLVBlE1A,Treviso General Hospital,0.6254,1,45.6605287,12.2621551,POINT (12.2621551 45.6605287),1365016.8617601425,5726114.595734329
ChIJwYdmEgKufkcRa9-B6zaefTU,Bar Gelateria al Ponte,0.8642375,16,45.4561321,12.3527142,POINT (12.3527142 45.4561321),1375097.8546588398,5693618.27688361
ChIJw_DAkAGufkcRHbnlLZg0csk,UniCredit,0.0,1,45.4352953,12.3248673,POINT (12.3248673 45.4352953),1371997.9519306684,5690312.130263242
ChIJwbEhVNexfkcR39GWqvYqRaQ,BNL,0.72605,2,45.4347644,12.3364954,POINT (12.336495399999999 45.4347644),1373292.3861015618,5690227.909035562
ChIJwcwOroSvfkcR5YZ9-I7KFQQ,Arbor Store Donna,0.0,1,45.4155565,12.3703185,POINT (12.3703185 45.4155565),1377057.5563706118,5687181.32757942
ChIJx1VMWs-xfkcRaHrmdccQx4M,Impronta Restaurant Venice,0.9826428571428572,7,45.435856,12.325378,POINT (12.325377999999999 45.435856),1372054.8027946167,5690401.079781223
ChIJx46UB9yxfkcRj7gPA7J6pWU,Osteria da Alex,0.88775,8,45.439726,12.3378129,POINT (12.3378129 45.439726),1373439.049530682,5691015.041167661
ChIJxUzOUqQMIocRxmUoXTn_7Hs,Lovelace Medical Center,0.8565,1,35.0867126,-106.6385235,POINT (-106.63852349999999 35.0867126),-11870946.134966537,4175671.292704387
ChIJxVNyNb6xfkcRc70B6x_RYLY,Trattoria da'a Marisa,0.3108333333333333,3,45.4457715,12.320117,POINT (12.320117 45.4457715),1371469.1509535532,5691974.22197478
ChIJxVy4StyxfkcReOwnrRJRXVs,Puppa Bar Venezia,0.94026,5,45.4419169,12.3378094,POINT (12.3378094 45.441916899999995),1373438.659912464,5691362.638130973
ChIJxWpUq9mxfkcRLETYabXZfJs,Ristorante Da Carletto,0.973,1,45.4366824,12.3401086,POINT (12.340108599999999 45.436682399999995),1373694.605685696,5690532.181591643
ChIJxX_xlieufkcRctTNgMod7QM,Trattoria Da Giorgio,-0.8369,1,45.4363069,12.3423586,POINT (12.342358599999999 45.4363069),1373945.074539981,5690472.611254647
ChIJx_80JCaufkcRi7jqrdlen0c,Taverna Scalinetto - Ristorante,0.9897,2,45.4342802,12.3463919,POINT (12.346391899999999 45.434280199999996),1374394.0594421974,5690151.0969209
ChIJxbF0LdexfkcRB4C2pzsUF0o,VERSACE,0.9506,1,45.4332449,12.3356678,POINT (12.3356678 45.4332449),1373200.2580909813,5689986.8620763635
ChIJy9sBbyqxfkcROTisRbt6vEQ,Banca della Marca - Credito Cooperativo,0.0,2,45.4349137,12.3357847,POINT (12.3357847 45.434913699999996),1373213.271339455,5690251.59369704
ChIJyTnRIgCxfkcR5E2Ye2yMCBM,Fusion Puppa,0.9175,1,45.4398095,12.3407236,POINT (12.340723599999999 45.439809499999996),1373763.067172534,5691028.288602229
ChIJyb88RNuxfkcRfUOfQ7trGy0,Minimarket Coop,0.0986875,8,45.4375644,12.3316233,POINT (12.331623299999999 45.4375644),1372750.026410468,5690672.106019515
ChIJyyJJpiiufkcRl1lfHtB_gsU,Al Gabbiano,0.96874,20,45.4339416,12.3474006,POINT (12.3474006 45.4339416),1374506.3474125606,5690097.382768846
ChIJz3btdpWxfkcRjJxW1Kb3Bu4,Estetica Primavera,0.0,2,45.4454568,12.320504,POINT (12.320504 45.445456799999995),1371512.2315964901,5691924.289044206
ChIJz56n2y-vfkcR7Cq-ilchV-4,Osteria ai Schiavoni,-0.0444999999999999,2,45.4337875,12.3466131,POINT (12.346613099999999 45.4337875),1374418.683313561,5690072.937066843
ChIJz5zERzqufkcRfL2aIhSYXoI,Poste Vecie,0.4496666666666667,6,45.4396357,12.3335931,POINT (12.3335931 45.4396357),1372969.3035434324,5691000.714922162
ChIJz8-Fi9hzIocRLutDGwq91bo,Albuquerque ER & Hospital,0.7301000000000001,24,35.1831834,-106.6649613,POINT (-106.6649613 35.1831834),-11873889.177400231,4188802.985217911
ChIJz93Vo8exfkcRjaZHHDKfs1Q,Zanze XVI,0.9603,1,45.4388427,12.3212874,POINT (12.3212874 45.438842699999995),1371599.4392855775,5690874.905135276
ChIJz9iqFrixfkcRK5g8t1KreiE,Supermercato Coop,0.8240999999999999,3,45.439554,12.3179101,POINT (12.317910099999999 45.439554),1371223.4799693215,5690987.753100755
ChIJzQCiNNuxfkcRJ2ZM6z6ySdM,Splendid Star San Marco Square and the Splendid Star Bridge of Sighs,0.2714,2,45.4355302,12.3384929,POINT (12.3384929 45.435530199999995),1373514.7467844214,5690349.394720988
ChIJzXLx79uxfkcRsgMQ4fuqVG4,Malibran Restaurant & Pizzeria,0.9806666666666668,6,45.4390405,12.3374713,POINT (12.337471299999999 45.4390405),1373401.0227926269,5690906.286023791
ChIJzY4LK9-xfkcRSZihPE8U-bg,Minimarket Coop,0.4279714285714285,7,45.4324532,12.3538309,POINT (12.3538309 45.4324532),1375222.1651342085,5689861.27275754
