place_id,place_titl,avg_sentim,review_cou,lat,lng,geometry,x_3857,y_3857,fid,place_id_2,place_ti_1,latitude,longitude,resident,tourist,total_revi,resident_r,tourist_ra
ChIJ-6E3ZMWxfkcRd4cCWPhkN5o,Caffe Dei Frari,0.948300000000000,"6",45.437334499999999,12.327251499999999,POINT (12.3272515 45.4373345),1372263.359860617667437,5690635.633443728089333,4,ChIJ-6E3ZMWxfkcRd4cCWPhkN5o,Caffe Dei Frari,45.437334499999999,12.327251499999999,"6","10","16",0.375000000000000,0.625000000000000
ChIJ01BjfdCxfkcRlnsWjSs7NtU,Al Vecio Canton,0.985000000000000,"1",45.435975700000000,12.342549200000001,POINT (12.342549199999999 45.4359757),1373966.292034926125780,5690420.069118641316891,12,ChIJ01BjfdCxfkcRlnsWjSs7NtU,Al Vecio Canton,45.435975700000000,12.342549200000001,"1","7","8",0.125000000000000,0.875000000000000
ChIJ03wUaMaxfkcR8U1wvAXc-cs,Trattoria Pizzeria San Toma',0.963633333333334,"3",45.436024400000001,12.327000099999999,POINT (12.3270001 45.4360244),1372235.374140632338822,5690427.794950823299587,14,ChIJ03wUaMaxfkcR8U1wvAXc-cs,Trattoria Pizzeria San Toma',45.436024400000001,12.327000099999999,"3","5","8",0.375000000000000,0.625000000000000
ChIJ0TUq0MSxfkcRoeISOD1A4ps,Trattoria Antiche Carampane,0.956100000000000,"2",45.438652500000003,12.331109600000000,POINT (12.3311096 45.438652499999996),1372692.841588047100231,5690844.730087378062308,17,ChIJ0TUq0MSxfkcRoeISOD1A4ps,Trattoria Antiche Carampane,45.438652500000003,12.331109600000000,"2","6","8",0.250000000000000,0.750000000000000
ChIJ0XV8_NmxfkcRCh2nR-5OjGM,Trattoria le Colonete,0.981100000000000,"1",45.435243000000000,12.337014300000000,POINT (12.3370143 45.435243),1373350.149785334477201,5690303.833429778926075,19,ChIJ0XV8_NmxfkcRCh2nR-5OjGM,Trattoria le Colonete,45.435243000000000,12.337014300000000,"1","7","8",0.125000000000000,0.875000000000000
ChIJ0aFM2dCxfkcRwJXerh4XVQc,FERRAGAMO Venice Store,0.939500000000000,"1",45.432899900000002,12.335295000000000,POINT (12.335294999999999 45.432899899999995),1373158.758184813428670,5689932.133660969324410,21,ChIJ0aFM2dCxfkcRwJXerh4XVQc,FERRAGAMO Venice Store,45.432899900000002,12.335295000000000,"1","7","8",0.125000000000000,0.875000000000000
ChIJ0aMhWsKxfkcR5qtwuNrNGDw,Trattoria Della Maddalena,0.966600000000000,"1",45.443565100000001,12.330599299999999,POINT (12.3305993 45.4435651),1372636.035251895431429,5691624.141991205513477,22,ChIJ0aMhWsKxfkcR5qtwuNrNGDw,Trattoria Della Maddalena,45.443565100000001,12.330599299999999,"1","7","8",0.125000000000000,0.875000000000000
ChIJ0c1CtrmxfkcRZvnl2JFuud4,Intesa Sanpaolo S.p.A.,-0.458800000000000,"1",45.437298200000001,12.319633100000001,POINT (12.319633099999999 45.4372982),1371415.283451958326623,5690629.874629556201398,23,ChIJ0c1CtrmxfkcRZvnl2JFuud4,Intesa Sanpaolo S.p.A.,45.437298200000001,12.319633100000001,"1","7","8",0.125000000000000,0.875000000000000
ChIJ0ebQM9ixfkcRDTR5teRWxMo,All'Angelo Art Caf¨?,0.926700000000000,"2",45.435726099999997,12.339912999999999,POINT (12.339913 45.4357261),1373672.831593296723440,5690380.472350350581110,25,ChIJ0ebQM9ixfkcRDTR5teRWxMo,All'Angelo Art Caf¨?,45.435726099999997,12.339912999999999,"2","6","8",0.250000000000000,0.750000000000000
ChIJ1RJuVPCxfkcREhdHIabY_4M,Pizzeria Trattoria Conca D'Oro,0.351366666666667,"6",45.435141100000003,12.341305100000000,POINT (12.3413051 45.435141099999996),1373827.799456430133432,5690287.668110947124660,30,ChIJ1RJuVPCxfkcREhdHIabY_4M,Pizzeria Trattoria Conca D'Oro,45.435141100000003,12.341305100000000,"6","10","16",0.375000000000000,0.625000000000000
ChIJ20nF8DCufkcRig79nN4RFr0,Il Bello Delle Donne - Parrucchiera,0.000000000000000,"1",45.431127300000000,12.356908499999999,POINT (12.3569085 45.4311273),1375564.761999073904008,5689650.945924295112491,31,ChIJ20nF8DCufkcRig79nN4RFr0,Il Bello Delle Donne - Parrucchiera,45.431127300000000,12.356908499999999,"1","7","8",0.125000000000000,0.875000000000000
ChIJ30OM4cCxfkcRhhW2TOfXnWA,La Lista Venezia,0.985100000000000,"1",45.442632400000001,12.324177400000000,POINT (12.3241774 45.4426324),1371921.152613970451057,5691476.158617175184190,40,ChIJ30OM4cCxfkcRhhW2TOfXnWA,La Lista Venezia,45.442632400000001,12.324177400000000,"1","7","8",0.125000000000000,0.875000000000000
ChIJ3Q5kMWGxfkcR4fo9rJXId18,Caffe Aurora,0.915933333333333,"6",45.433788300000003,12.338706300000000,POINT (12.3387063 45.433788299999996),1373538.502363756531850,5690073.063974924385548,41,ChIJ3Q5kMWGxfkcR4fo9rJXId18,Caffe Aurora,45.433788300000003,12.338706300000000,"6","10","16",0.375000000000000,0.625000000000000
ChIJ3SGHKkyxfkcRnA9Gwu-N5dU,Pasta Go ? Espresso,0.131550000000000,"2",45.436676300000002,12.339972700000001,POINT (12.339972699999999 45.436676299999995),1373679.477366897277534,5690531.213867953978479,43,ChIJ3SGHKkyxfkcRnA9Gwu-N5dU,Pasta Go ? Espresso,45.436676300000002,12.339972700000001,"2","6","8",0.250000000000000,0.750000000000000
ChIJ3faXZgCxfkcRcXIYPtxDyvU,Ospedale SS. Giovanni e Paolo - Pronto Soccorso - entrata notturna,0.963550000000000,"2",45.441189000000001,12.343656800000000,POINT (12.3436568 45.441189),1374089.589502928545699,5691247.151750954799354,46,ChIJ3faXZgCxfkcRcXIYPtxDyvU,Ospedale SS. Giovanni e Paolo - Pronto Soccorso - entrata notturna,45.441189000000001,12.343656800000000,"2","6","8",0.250000000000000,0.750000000000000
ChIJ3zkWVM-xfkcRj-3yBrK8NlI,La Tecia Vegana,0.985400000000000,"1",45.433001699999998,12.313603499999999,POINT (12.3136035 45.4330017),1370744.071450271178037,5689948.282474542967975,47,ChIJ3zkWVM-xfkcRj-3yBrK8NlI,La Tecia Vegana,45.433001699999998,12.313603499999999,"1","7","8",0.125000000000000,0.875000000000000
ChIJ4-oBU9uxfkcR-IOuYizj27k,SUSY STUDIO,0.000000000000000,"1",45.439834099999999,12.332493400000001,POINT (12.332493399999999 45.4398341),1372846.885499407537282,5691032.191442977637053,48,ChIJ4-oBU9uxfkcR-IOuYizj27k,SUSY STUDIO,45.439834099999999,12.332493400000001,"1","7","8",0.125000000000000,0.875000000000000
ChIJ464g_96xfkcR15BseVSeynA,Squero Vecio,0.000000000000000,"2",45.441452699999999,12.342033300000001,POINT (12.342033299999999 45.4414527),1373908.862309625837952,5691288.989411524496973,49,ChIJ464g_96xfkcR15BseVSeynA,Squero Vecio,45.441452699999999,12.342033300000001,"2","6","8",0.250000000000000,0.750000000000000
ChIJ46E3ZMWxfkcRqq6RL98pX24,Conad city,0.797400000000000,"2",45.437171300000003,12.328132699999999,POINT (12.3281327 45.437171299999996),1372361.454595904797316,5690609.742605820298195,50,ChIJ46E3ZMWxfkcRqq6RL98pX24,Conad city,45.437171300000003,12.328132699999999,"2","6","8",0.250000000000000,0.750000000000000
ChIJ4bDF-U6vfkcRvTHk4UHdAig,SeanStyle,0.473800000000000,"1",45.434873000000003,12.347123600000000,POINT (12.3471236 45.434872999999996),1374475.511913610855117,5690245.137122025713325,54,ChIJ4bDF-U6vfkcRvTHk4UHdAig,SeanStyle,45.434873000000003,12.347123600000000,"1","7","8",0.125000000000000,0.875000000000000
ChIJ56UT99exfkcRW1lhaYWrYu0,Bar Trattoria Chinellato,0.174300000000000,"6",45.434463399999999,12.341411900000001,POINT (12.341411899999999 45.4344634),1373839.688378046965227,5690180.159171782433987,57,ChIJ56UT99exfkcRW1lhaYWrYu0,Bar Trattoria Chinellato,45.434463399999999,12.341411900000001,"6","10","16",0.375000000000000,0.625000000000000
ChIJ5aMYsaWxfkcR1vVOTJ63MfU,Trattoria Santo Stefano,0.974850000000000,"2",45.432656700000003,12.330211700000000,POINT (12.3302117 45.432656699999995),1372592.887817264068872,5689893.554294987581670,60,ChIJ5aMYsaWxfkcR1vVOTJ63MfU,Trattoria Santo Stefano,45.432656700000003,12.330211700000000,"2","6","8",0.250000000000000,0.750000000000000
ChIJ5wciOvqxfkcR2w_N8JSx1qw,Venice Art Beauty,0.908300000000000,"1",45.443788599999998,12.329110099999999,POINT (12.3291101 45.4437886),1372470.258266206132248,5691659.603150219656527,63,ChIJ5wciOvqxfkcR2w_N8JSx1qw,Venice Art Beauty,45.443788599999998,12.329110099999999,"1","7","8",0.125000000000000,0.875000000000000
ChIJ607_Mw2xfkcRvL0fys006qE,Parfin Dolse Gourmet,0.392333333333333,"6",45.442439299999997,12.307736999999999,POINT (12.307737 45.4424393),1370091.015657532494515,5691445.521430069580674,64,ChIJ607_Mw2xfkcRvL0fys006qE,Parfin Dolse Gourmet,45.442439299999997,12.307736999999999,"6","10","16",0.375000000000000,0.625000000000000
ChIJ60rt1M6xfkcRJmFX8JpJ7LQ,Ristorante Pizzeria Ai Sportivi,0.901866666666667,"3",45.433811499999997,12.323622600000000,POINT (12.3236226 45.4338115),1371859.392560478299856,5690076.744310008361936,66,ChIJ60rt1M6xfkcRJmFX8JpJ7LQ,Ristorante Pizzeria Ai Sportivi,45.433811499999997,12.323622600000000,"3","5","8",0.375000000000000,0.625000000000000
ChIJ6THq-5mxfkcRWtP4HQOYbXM,Nonna Bruna,0.950850000000000,"4",45.435692500000002,12.325800200000000,POINT (12.3258002 45.435692499999995),1372101.801883629523218,5690375.142029533162713,72,ChIJ6THq-5mxfkcRWtP4HQOYbXM,Nonna Bruna,45.435692500000002,12.325800200000000,"4","12","16",0.250000000000000,0.750000000000000
ChIJ6f-9T9qxfkcRnA0o_f8LfSQ,Supermercato Despar Rialto,0.734900000000000,"2",45.436966499999997,12.335071100000000,POINT (12.335071099999999 45.4369665),1373133.833750824909657,5690577.252248506993055,75,ChIJ6f-9T9qxfkcRnA0o_f8LfSQ,Supermercato Despar Rialto,45.436966499999997,12.335071100000000,"2","6","8",0.250000000000000,0.750000000000000
ChIJ6yHgwLixfkcRx9UiMxQnVs0,Station Garden,0.000000000000000,"1",45.440791900000001,12.318652800000001,POINT (12.318652799999999 45.4407919),1371306.156955133890733,5691184.149711810052395,77,ChIJ6yHgwLixfkcRx9UiMxQnVs0,Station Garden,45.440791900000001,12.318652800000001,"1","7","8",0.125000000000000,0.875000000000000
ChIJ73ef9TaufkcRBJMLBznitp4,Trattoria Da Mario,-0.242150000000000,"2",45.428836699999998,12.361561099999999,POINT (12.3615611 45.4288367),1376082.687061938690022,5689287.600868598558009,79,ChIJ73ef9TaufkcRBJMLBznitp4,Trattoria Da Mario,45.428836699999998,12.361561099999999,"2","6","8",0.250000000000000,0.750000000000000
ChIJ75inZtixfkcRj_rA0Q5efss,Trattoria Agli Artisti,0.973150000000000,"4",45.436473300000003,12.342095300000000,POINT (12.342095299999999 45.436473299999996),1373915.764118055114523,5690499.009352412074804,81,ChIJ75inZtixfkcRj_rA0Q5efss,Trattoria Agli Artisti,45.436473300000003,12.342095300000000,"4","12","16",0.250000000000000,0.750000000000000
ChIJ7Sym6tixfkcRS9s7MPlSBfw,ATM (Euronet),0.000000000000000,"1",45.437976599999999,12.342321600000000,POINT (12.3423216 45.4379766),1373940.955718821613118,5690737.500022459775209,83,ChIJ7Sym6tixfkcRS9s7MPlSBfw,ATM (Euronet),45.437976599999999,12.342321600000000,"1","3","4",0.250000000000000,0.750000000000000
ChIJ7UEXXTCufkcRdPJ-681QOiA,Trattoria alla Rampa,0.967200000000000,"2",45.432394700000003,12.355579499999999,POINT (12.3555795 45.432394699999996),1375416.818395809503272,5689851.992828512564301,85,ChIJ7UEXXTCufkcRdPJ-681QOiA,Trattoria alla Rampa,45.432394700000003,12.355579499999999,"2","6","8",0.250000000000000,0.750000000000000
ChIJ7X-GKRexfkcRx7ca9m10OoU,Trattoria Pizzeria San Zulian,0.373400000000000,"2",45.435993900000000,12.338979000000000,POINT (12.338979 45.4359939),1373568.859188895905390,5690422.956389846280217,86,ChIJ7X-GKRexfkcRx7ca9m10OoU,Trattoria Pizzeria San Zulian,45.435993900000000,12.338979000000000,"2","6","8",0.250000000000000,0.750000000000000
ChIJ7eLrdpWxfkcRXzu8qn2v3GY,Trattoria Da Gigio,0.880000000000000,"1",45.443666499999999,12.327126399999999,POINT (12.3271264 45.4436665),1372249.433792319381610,5691640.230392246507108,87,ChIJ7eLrdpWxfkcRXzu8qn2v3GY,Trattoria Da Gigio,45.443666499999999,12.327126399999999,"1","7","8",0.125000000000000,0.875000000000000
ChIJ7fgaSa-vfkcRaKoYQt-57Yc,TRATTORIA GARIBALDI,0.953800000000000,"6",45.432379400000002,12.353393499999999,POINT (12.3533935 45.432379399999995),1375173.473988935351372,5689849.565771737135947,88,ChIJ7fgaSa-vfkcRaKoYQt-57Yc,TRATTORIA GARIBALDI,45.432379400000002,12.353393499999999,"6","10","16",0.375000000000000,0.625000000000000
ChIJ874TlM2xfkcRURx51s9br00,Truccatrice a venezia sara venice sole lagunare,0.000000000000000,"1",45.438483499999997,12.339031900000000,POINT (12.3390319 45.4384835),1373574.747989958617836,5690817.918484521098435,91,ChIJ874TlM2xfkcRURx51s9br00,Truccatrice a venezia sara venice sole lagunare,45.438483499999997,12.339031900000000,"1","7","8",0.125000000000000,0.875000000000000
ChIJ8XDj8TCufkcRJGwKLaDr_5M,Trattoria Dai Tosi,0.974900000000000,"3",45.431220600000003,12.357246399999999,POINT (12.3572464 45.431220599999996),1375602.376855012960732,5689665.745893568731844,94,ChIJ8XDj8TCufkcRJGwKLaDr_5M,Trattoria Dai Tosi,45.431220600000003,12.357246399999999,"3","5","8",0.375000000000000,0.625000000000000
ChIJ8c4ZRNuxfkcRBJ6LsHdv7XM,Farini,0.708150000000000,"4",45.439129100000002,12.334205100000000,POINT (12.3342051 45.439129099999995),1373037.431071798084304,5690920.342412968166173,96,ChIJ8c4ZRNuxfkcRBJ6LsHdv7XM,Farini,45.439129100000002,12.334205100000000,"4","12","16",0.250000000000000,0.750000000000000
ChIJ8dgmsdixfkcRDo9ch-rzKsM,Osteria Alla Staffa,0.866100000000000,"2",45.438392000000000,12.342812700000000,POINT (12.3428127 45.438392),1373995.624720749910921,5690803.402176839299500,97,ChIJ8dgmsdixfkcRDo9ch-rzKsM,Osteria Alla Staffa,45.438392000000000,12.342812700000000,"2","6","8",0.250000000000000,0.750000000000000
ChIJ9QINYMOxfkcR6hH0Shnsxbo,Ca' Ve Caff¨¨ S.r.l.,-0.205925000000000,"8",45.440480000000001,12.331049999999999,POINT (12.33105 45.44048),1372686.206946396036074,5691134.665419332683086,103,ChIJ9QINYMOxfkcR6hH0Shnsxbo,Ca' Ve Caff¨¨ S.r.l.,45.440480000000001,12.331049999999999,"8","8","16",0.500000000000000,0.500000000000000
ChIJ9S2czduxfkcRTmOXhLOne9A,Cr??dit Agricole Italia,0.064400000000000,"1",45.437479000000003,12.336918000000001,POINT (12.336917999999999 45.437478999999996),1373339.429718371015042,5690658.557685629464686,104,ChIJ9S2czduxfkcRTmOXhLOne9A,Cr??dit Agricole Italia,45.437479000000003,12.336918000000001,"1","7","8",0.125000000000000,0.875000000000000
ChIJ9SuaEXGxfkcRdwM6ljh9unk,TRATTORIA AL POGGIO,0.937100000000000,"1",45.443700300000003,12.325996099999999,POINT (12.3259961 45.443700299999996),1372123.609371876111254,5691645.593199021182954,105,ChIJ9SuaEXGxfkcRdwM6ljh9unk,TRATTORIA AL POGGIO,45.443700300000003,12.325996099999999,"1","7","8",0.125000000000000,0.875000000000000
ChIJ9TxT0sixfkcRSu2E-V89JJw,The Caffe Rosso,0.419600000000000,"16",45.434504900000000,12.323559100000001,POINT (12.323559099999999 45.4345049),1371852.323772812727839,5690186.742609626613557,106,ChIJ9TxT0sixfkcRSu2E-V89JJw,The Caffe Rosso,45.434504900000000,12.323559100000001,"16","16","32",0.500000000000000,0.500000000000000
ChIJ9YFLCwCxfkcR3ddyifUm9HM,Starbucks - Venezia Rialto,0.395750000000000,"16",45.437287800000000,12.336584000000000,POINT (12.336584 45.4372878),1373302.249008446000516,5690628.224722046405077,109,ChIJ9YFLCwCxfkcR3ddyifUm9HM,Starbucks - Venezia Rialto,45.437287800000000,12.336584000000000,"16","16","32",0.500000000000000,0.500000000000000
ChIJ9wejcJWxfkcRVsZ54M2dJUA,Trattoria Alla Fontana,0.936400000000000,"2",45.444564600000000,12.324124800000000,POINT (12.3241248 45.4445646),1371915.297208754578605,5691782.726654308848083,112,ChIJ9wejcJWxfkcRVsZ54M2dJUA,Trattoria Alla Fontana,45.444564600000000,12.324124800000000,"2","6","8",0.250000000000000,0.750000000000000
ChIJA9tf5O2xfkcRwmk91TVz0wI,Trattoria San Polo,0.646800000000000,"4",45.437313400000001,12.330464900000001,POINT (12.330464899999999 45.4373134),1372621.073912332998589,5690632.286033385433257,114,ChIJA9tf5O2xfkcRwmk91TVz0wI,Trattoria San Polo,45.437313400000001,12.330464900000001,"4","12","16",0.250000000000000,0.750000000000000
ChIJA9tf5O2xfkcRwmk91TVz0wI,Trattoria San Polo,0.646800000000000,"4",45.437313400000001,12.330464900000001,POINT (12.330464899999999 45.4373134),1372621.073912332998589,5690632.286033385433257,163,ChIJGXlWOsWxfkcRFqEuLslHNJc,Pizzeria Cico,45.437313400000001,12.330464900000001,"0","8","8",0.000000000000000,1.000000000000000
ChIJAcPbGcGxfkcRM93r37RUrP4,Trattoria Alle Lanternine,0.975927272727273,"11",45.442893200000000,12.332493899999999,POINT (12.3324939 45.4428932),1372846.941159152425826,5691517.537232084199786,119,ChIJAcPbGcGxfkcRM93r37RUrP4,Trattoria Alle Lanternine,45.442893200000000,12.332493899999999,"11","13","24",0.458333333333333,0.541666666666667
ChIJAy5F1S-ufkcReQqjg_LgAwo,Giardini della Marinaressa,0.612400000000000,"1",45.431460299999998,12.352596800000001,POINT (12.352596799999999 45.4314603),1375084.785750620765612,5689703.769077920354903,124,ChIJAy5F1S-ufkcReQqjg_LgAwo,Giardini della Marinaressa,45.431460299999998,12.352596800000001,"1","7","8",0.125000000000000,0.875000000000000
ChIJBdfMVjCufkcR2KNvuW0YIgY,Trattoria Ai Tosi Grandi,0.540500000000000,"8",45.431180599999998,12.356668800000000,POINT (12.3566688 45.4311806),1375538.078717130469158,5689659.400780486874282,131,ChIJBdfMVjCufkcR2KNvuW0YIgY,Trattoria Ai Tosi Grandi,45.431180599999998,12.356668800000000,"8","8","16",0.500000000000000,0.500000000000000
ChIJC9bavOOxfkcRQ1E-5SEBVZw,Ristorante Wist¨¨ria,0.959575000000000,"4",45.435772800000002,12.326691800000001,POINT (12.326691799999999 45.435772799999995),1372201.054341620998457,5690387.880866996943951,134,ChIJC9bavOOxfkcRQ1E-5SEBVZw,Ristorante Wist¨¨ria,45.435772800000002,12.326691800000001,"4","4","8",0.500000000000000,0.500000000000000
ChIJCQ7qZgCxfkcRlbTHDgHEEOA,Parchetto di Sacca Fisola,0.000000000000000,"1",45.427457300000000,12.315125699999999,POINT (12.3151257 45.4274573),1370913.521979156648740,5689068.801481524482369,135,ChIJCQ7qZgCxfkcRlbTHDgHEEOA,Parchetto di Sacca Fisola,45.427457300000000,12.315125699999999,"1","1","2",0.500000000000000,0.500000000000000
ChIJCyqRDTCufkcRRl6tW0Q_Ogw,Caff¨¨ La Serra,0.813150000000000,"4",45.430785600000000,12.355385999999999,POINT (12.355386 45.4307856),1375395.278074341127649,5689596.743030274286866,138,ChIJCyqRDTCufkcRRl6tW0Q_Ogw,Caff¨¨ La Serra,45.430785600000000,12.355385999999999,"4","12","16",0.250000000000000,0.750000000000000
ChIJDSpovNOxfkcRFQ9KM9XzE9o,L'arte di Casanova,0.883600000000000,"1",45.443372699999998,12.324973500000000,POINT (12.324973499999999 45.4433727),1372009.774060590658337,5691593.615361022762954,140,ChIJDSpovNOxfkcRFQ9KM9XzE9o,L'arte di Casanova,45.443372699999998,12.324973500000000,"1","7","8",0.125000000000000,0.875000000000000
ChIJDXW9lr2vfkcRXiUK8GgOKVc,Park Giardini Marinaressa,0.177900000000000,"1",45.430901800000001,12.354052599999999,POINT (12.3540526 45.4309018),1375246.844665317330509,5689615.175467216409743,141,ChIJDXW9lr2vfkcRXiUK8GgOKVc,Park Giardini Marinaressa,45.430901800000001,12.354052599999999,"1","7","8",0.125000000000000,0.875000000000000
ChIJDxfGMoqxfkcRTAlVaovUJNs,RistoPub Rossini,-0.783800000000000,"1",45.435139700000001,12.333087799999999,POINT (12.3330878 45.4351397),1372913.053804734721780,5690287.446016484871507,144,ChIJDxfGMoqxfkcRTAlVaovUJNs,RistoPub Rossini,45.435139700000001,12.333087799999999,"1","7","8",0.125000000000000,0.875000000000000
ChIJE69fW8ixfkcRHjkrAqgo0h4,Punto Immagine,0.000000000000000,"1",45.435211799999998,12.320393200000000,POINT (12.3203932 45.4352118),1371499.897396910469979,5690298.883888429030776,146,ChIJE69fW8ixfkcRHjkrAqgo0h4,Punto Immagine,45.435211799999998,12.320393200000000,"1","7","8",0.125000000000000,0.875000000000000
ChIJE7IZRNuxfkcRHdDuaYosSmE,Sora Al Ponte,0.836100000000000,"1",45.439445200000002,12.333273300000000,POINT (12.3332733 45.439445199999994),1372933.703570276731625,5690970.491854871623218,147,ChIJE7IZRNuxfkcRHdDuaYosSmE,Sora Al Ponte,45.439445200000002,12.333273300000000,"1","7","8",0.125000000000000,0.875000000000000
ChIJE8fuDBCxfkcRhpuO0iywaxs,Trattoria Al Bomba,0.991400000000000,"1",45.440888700000002,12.335362099999999,POINT (12.3353621 45.440888699999995),1373166.227722645504400,5691199.507508736103773,149,ChIJE8fuDBCxfkcRhpuO0iywaxs,Trattoria Al Bomba,45.440888700000002,12.335362099999999,"1","7","8",0.125000000000000,0.875000000000000
ChIJEbIZRNuxfkcRwXqY8Zf2GJY,Vineria Pizzeria,0.000000000000000,"1",45.439312700000002,12.333200900000000,POINT (12.3332009 45.439312699999995),1372925.644039143342525,5690949.470621517859399,152,ChIJEbIZRNuxfkcRwXqY8Zf2GJY,Vineria Pizzeria,45.439312700000002,12.333200900000000,"1","7","8",0.125000000000000,0.875000000000000
ChIJFV63ZdmxfkcRFklML6Yr3x0,Pasticceria Ponte delle Paste - Venezia,0.842775000000000,"8",45.438105499999999,12.338336800000000,POINT (12.338336799999999 45.4381055),1373497.369811908574775,5690757.949627981521189,159,ChIJFV63ZdmxfkcRFklML6Yr3x0,Pasticceria Ponte delle Paste - Venezia,45.438105499999999,12.338336800000000,"8","8","16",0.500000000000000,0.500000000000000
ChIJFWEtfQ2xfkcR-fjNV3mrZ9o,i&s Farm ll Biologico di Sant'Erasmo,0.847800000000000,"1",45.441531900000001,12.333925199999999,POINT (12.3339252 45.4415319),1373006.272746324772015,5691301.555026945658028,160,ChIJFWEtfQ2xfkcR-fjNV3mrZ9o,i&s Farm ll Biologico di Sant'Erasmo,45.441531900000001,12.333925199999999,"1","7","8",0.125000000000000,0.875000000000000
ChIJFXsk8SWufkcRBU8kXAMc5rc,TRATTORIA PIZZERIA AE DO MARIE,0.901750000000000,"2",45.436900399999999,12.347954000000000,POINT (12.347954 45.4369004),1374567.951618765480816,5690566.765883942134678,161,ChIJFXsk8SWufkcRBU8kXAMc5rc,TRATTORIA PIZZERIA AE DO MARIE,45.436900399999999,12.347954000000000,"2","6","8",0.250000000000000,0.750000000000000
ChIJG0PjSS2wfkcR4_yhPfq6Jdw,Trattoria Ai Cacciatori,0.990100000000000,"2",45.426118000000002,12.327700600000000,POINT (12.3277006 45.426117999999995),1372313.353443932952359,5688856.367842041887343,162,ChIJG0PjSS2wfkcR4_yhPfq6Jdw,Trattoria Ai Cacciatori,45.426118000000002,12.327700600000000,"2","6","8",0.250000000000000,0.750000000000000
ChIJHbND786xfkcRj9nhPj_lHjg,Lanterna Magica Negozio di Giocattoli Venezia,0.492700000000000,"1",45.433230700000003,12.325294200000000,POINT (12.3252942 45.433230699999996),1372045.474221288226545,5689984.609479910694063,169,ChIJHbND786xfkcRj9nhPj_lHjg,Lanterna Magica Negozio di Giocattoli Venezia,45.433230700000003,12.325294200000000,"1","7","8",0.125000000000000,0.875000000000000
ChIJHe_jEduxfkcRhnNhPF66afs,Ristorante Caff¨¨ Saraceno,0.667800000000000,"4",45.437925800000002,12.335238199999999,POINT (12.3352382 45.437925799999995),1373152.435237736441195,5690729.440764847211540,170,ChIJHe_jEduxfkcRhnNhPF66afs,Ristorante Caff¨¨ Saraceno,45.437925800000002,12.335238199999999,"4","12","16",0.250000000000000,0.750000000000000
ChIJIWE8wNmxfkcRVtU71JwCZuI,Campiello San Zulian,0.599400000000000,"1",45.435932899999997,12.338444100000000,POINT (12.3384441 45.4359329),1373509.314393270760775,5690413.279275739565492,176,ChIJIWE8wNmxfkcRVtU71JwCZuI,Campiello San Zulian,45.435932899999997,12.338444100000000,"1","7","8",0.125000000000000,0.875000000000000
ChIJIy8iMNCxfkcRbBixeereDMg,Bacaro e Trattoria da Fiore,0.903850000000000,"2",45.433852399999999,12.330469900000001,POINT (12.330469899999999 45.4338524),1372621.630509787006304,5690083.232490633614361,178,ChIJIy8iMNCxfkcRbBixeereDMg,Bacaro e Trattoria da Fiore,45.433852399999999,12.330469900000001,"2","6","8",0.250000000000000,0.750000000000000
ChIJJ8xRT8-xfkcRe16Z-PdVL3U,Bancomat Unicredit,0.000000000000000,"1",45.435432300000002,12.324967700000000,POINT (12.3249677 45.435432299999995),1372009.128407543990761,5690333.863878750242293,180,ChIJJ8xRT8-xfkcRe16Z-PdVL3U,Bancomat Unicredit,45.435432300000002,12.324967700000000,"1","7","8",0.125000000000000,0.875000000000000
ChIJJ9RRQA-vfkcRqfQ-gpkAEtU,Frutta Verdura,-0.608400000000000,"1",45.435608000000002,12.345483200000000,POINT (12.3454832 45.435607999999995),1374292.903420913498849,5690361.736921266652644,181,ChIJJ9RRQA-vfkcRqfQ-gpkAEtU,Frutta Verdura,45.435608000000002,12.345483200000000,"1","7","8",0.125000000000000,0.875000000000000
ChIJK2YDvCGxfkcRnjgNKZxifOA,Parrucchieri Andya??s Boutique,0.983100000000000,"1",45.440820400000000,12.336557700000000,POINT (12.3365577 45.4408204),1373299.321305838180706,5691188.671374491415918,187,ChIJK2YDvCGxfkcRnjgNKZxifOA,Parrucchieri Andya??s Boutique,45.440820400000000,12.336557700000000,"1","7","8",0.125000000000000,0.875000000000000
ChIJK5_Nd9exfkcRs5NFdiK-NYo,HERM??S Venice Store,0.895700000000000,"1",45.433353500000003,12.336867500000000,POINT (12.3368675 45.433353499999996),1373333.808084086049348,5690004.089698964729905,189,ChIJK5_Nd9exfkcRs5NFdiK-NYo,HERM??S Venice Store,45.433353500000003,12.336867500000000,"1","7","8",0.125000000000000,0.875000000000000
ChIJK6iBP9exfkcRkwD7q8Uwaik,Caff¨¨ Florian,0.974900000000000,"4",45.433609400000002,12.338222999999999,POINT (12.338223 45.433609399999995),1373484.701653856318444,5690044.684200439602137,190,ChIJK6iBP9exfkcRkwD7q8Uwaik,Caff¨¨ Florian,45.433609400000002,12.338222999999999,"4","12","16",0.250000000000000,0.750000000000000
ChIJKSkPZdyxfkcRfRbBCZoU30U,BEPI ANTICO 54 da LORIS,0.986000000000000,"1",45.440804399999998,12.336536499999999,POINT (12.3365365 45.4408044),1373296.961332633392885,5691186.132896915078163,195,ChIJKSkPZdyxfkcRfRbBCZoU30U,BEPI ANTICO 54 da LORIS,45.440804399999998,12.336536499999999,"1","7","8",0.125000000000000,0.875000000000000
ChIJKVRRjMWxfkcR41EuHgNTCYI,Bottega del Caff¨¨ Dersut,0.743175000000000,"8",45.436495999999998,12.326523999999999,POINT (12.326524 45.436496),1372182.374931065365672,5690502.610541253350675,197,ChIJKVRRjMWxfkcR41EuHgNTCYI,Bottega del Caff¨¨ Dersut,45.436495999999998,12.326523999999999,"8","8","16",0.500000000000000,0.500000000000000
ChIJKezuL8OxfkcRicdEQ1XAKQY,Noval Salon,0.941500000000000,"1",45.443539899999998,12.330610399999999,POINT (12.3306104 45.4435399),1372637.270898243645206,5691620.143694839440286,201,ChIJKezuL8OxfkcRicdEQ1XAKQY,Noval Salon,45.443539899999998,12.330610399999999,"1","7","8",0.125000000000000,0.875000000000000
ChIJKw1BaduxfkcRoRCavgDEtMI,Farini,0.535725000000000,"8",45.438346799999998,12.333893200000000,POINT (12.333893199999999 45.4383468),1373002.710522619541734,5690796.231288178823888,202,ChIJKw1BaduxfkcRoRCavgDEtMI,Farini,45.438346799999998,12.333893200000000,"8","8","16",0.500000000000000,0.500000000000000
ChIJL5RmIy2wfkcRTec0EaSDjbY,Trattoria Altanella,0.988200000000000,"1",45.425406700000003,12.328573199999999,POINT (12.3285732 45.425406699999996),1372410.490831599337980,5688743.546739033423364,203,ChIJL5RmIy2wfkcRTec0EaSDjbY,Trattoria Altanella,45.425406700000003,12.328573199999999,"1","7","8",0.125000000000000,0.875000000000000
ChIJLSXSmtixfkcRURR_PbcCfyY,Al Gobbo di Rialto,0.994000000000000,"1",45.438259899999998,12.334059000000000,POINT (12.334059 45.4382599),1373021.167294193059206,5690782.444794923067093,205,ChIJLSXSmtixfkcRURR_PbcCfyY,Al Gobbo di Rialto,45.438259899999998,12.334059000000000,"1","7","8",0.125000000000000,0.875000000000000
ChIJMYhZ3UOxfkcRy9z-DwuMASQ,Bacaro Vintido',0.974800000000000,"1",45.435700699999998,12.326234700000001,POINT (12.326234699999999 45.4357007),1372150.170202379347757,5690376.442881343886256,213,ChIJMYhZ3UOxfkcRy9z-DwuMASQ,Bacaro Vintido',45.435700699999998,12.326234700000001,"1","7","8",0.125000000000000,0.875000000000000
ChIJMasuBtexfkcRJCxPSAYJlVY,Giardini Reali,0.977800000000000,"1",45.432983900000004,12.338291500000000,POINT (12.338291499999999 45.432983899999996),1373492.327038975665346,5689945.458809558302164,215,ChIJMasuBtexfkcRJCxPSAYJlVY,Giardini Reali,45.432983900000004,12.338291500000000,"1","7","8",0.125000000000000,0.875000000000000
ChIJN62j2zzle0cRJB6WCKWWcO4,Panificio Giovanni Volpe,0.956400000000000,"1",45.444580400000000,12.325498700000001,POINT (12.325498699999999 45.4445804),1372068.239057155558839,5691785.233567990362644,217,ChIJN62j2zzle0cRJB6WCKWWcO4,Panificio Giovanni Volpe,45.444580400000000,12.325498700000001,"1","7","8",0.125000000000000,0.875000000000000
ChIJN6Zo4i-ufkcRpqOGA5homd8,Hopera - Italian Food,-0.651100000000000,"8",45.432282399999998,12.354831500000000,POINT (12.3548315 45.4322824),1375333.551416696282104,5689834.178564358502626,218,ChIJN6Zo4i-ufkcRpqOGA5homd8,Hopera - Italian Food,45.432282399999998,12.354831500000000,"8","24","32",0.250000000000000,0.750000000000000
ChIJN7kFlOmxfkcRGo4FBCupIBo,Ospedale S. Raffaele Arcangelo Fatebenefratelli,0.493550000000000,"2",45.447401100000000,12.330854900000000,POINT (12.3308549 45.4474011),1372664.488513742340729,5692232.792378292419016,219,ChIJN7kFlOmxfkcRGo4FBCupIBo,Ospedale S. Raffaele Arcangelo Fatebenefratelli,45.447401100000000,12.330854900000000,"2","6","8",0.250000000000000,0.750000000000000
ChIJP08H-CeufkcR4kJVY2m7DFs,Trattoria da Nino Venezia,0.054400000000000,"2",45.434909800000000,12.342625399999999,POINT (12.3426254 45.4349098),1373974.774580124532804,5690250.975007831119001,228,ChIJP08H-CeufkcR4kJVY2m7DFs,Trattoria da Nino Venezia,45.434909800000000,12.342625399999999,"2","6","8",0.250000000000000,0.750000000000000
ChIJPWQtJtuxfkcRbiWXiNzcT7A,VizioVirt¨? Cioccolateria,0.954800000000000,"4",45.438184300000003,12.338510800000000,POINT (12.3385108 45.438184299999996),1373516.739403306506574,5690770.451039005070925,230,ChIJPWQtJtuxfkcRbiWXiNzcT7A,VizioVirt¨? Cioccolateria,45.438184300000003,12.338510800000000,"4","12","16",0.250000000000000,0.750000000000000
ChIJPy3OnHOvfkcR1GUibT72EIc,Oldest Mask store,0.888500000000000,"1",45.435483699999999,12.343031699999999,POINT (12.3430317 45.4354837),1374020.003689233912155,5690342.017964164726436,233,ChIJPy3OnHOvfkcR1GUibT72EIc,Oldest Mask store,45.435483699999999,12.343031699999999,"1","7","8",0.125000000000000,0.875000000000000
ChIJQ92TITSxfkcRFR_uDJP2BNY,Gio's,0.991600000000000,"1",45.432064099999998,12.335474899999999,POINT (12.3354749 45.4320641),1373178.784561207285151,5689799.549512938596308,238,ChIJQ92TITSxfkcRFR_uDJP2BNY,Gio's,45.432064099999998,12.335474899999999,"1","7","8",0.125000000000000,0.875000000000000
ChIJQVaZqtKxfkcRy8s8y5RdwYk,Ristorante Casa Cappellari,0.843900000000000,"2",45.438352100000003,12.333553800000001,POINT (12.333553799999999 45.438352099999996),1372964.928687444422394,5690797.072122171521187,240,ChIJQVaZqtKxfkcRy8s8y5RdwYk,Ristorante Casa Cappellari,45.438352100000003,12.333553800000001,"2","6","8",0.250000000000000,0.750000000000000
ChIJR1tJ7uKxfkcRU5NRHF745io,Ravioleria Venezia,0.599400000000000,"1",45.434149900000001,12.332009200000000,POINT (12.3320092 45.4341499),1372792.984601964941248,5690130.426611009053886,245,ChIJR1tJ7uKxfkcRU5NRHF745io,Ravioleria Venezia,45.434149900000001,12.332009200000000,"1","7","8",0.125000000000000,0.875000000000000
ChIJRWywcNuxfkcRg3m0dxfT4FU,UniCredit,0.709600000000000,"1",45.437120800000002,12.336154199999999,POINT (12.3361542 45.437120799999995),1373254.403891303110868,5690601.731056564487517,249,ChIJRWywcNuxfkcRg3m0dxfT4FU,UniCredit,45.437120800000002,12.336154199999999,"1","7","8",0.125000000000000,0.875000000000000
ChIJRY06z9mxfkcRiZTLdZbwt9s,Trattoria Do Forni,0.847800000000000,"1",45.435493500000000,12.339277400000000,POINT (12.3392774 45.4354935),1373602.076924948720261,5690343.572634991258383,250,ChIJRY06z9mxfkcRiZTLdZbwt9s,Trattoria Do Forni,45.435493500000000,12.339277400000000,"1","7","8",0.125000000000000,0.875000000000000
ChIJRYJmKtqxfkcR3h-L56zQ18o,Ristorante da Mario alla Fava,0.305500000000000,"4",45.437206000000003,12.337281000000001,POINT (12.337280999999999 45.437205999999996),1373379.838693529134616,5690615.247575505636632,251,ChIJRYJmKtqxfkcR3h-L56zQ18o,Ristorante da Mario alla Fava,45.437206000000003,12.337281000000001,"4","12","16",0.250000000000000,0.750000000000000
ChIJR_1cWNexfkcR2XWwEQtEKVA,Caf¨? Venezia,-0.254300000000000,"8",45.435053400000001,12.337523400000000,POINT (12.3375234 45.4350534),1373406.822538097156212,5690273.755489947274327,252,ChIJR_1cWNexfkcR2XWwEQtEKVA,Caf¨? Venezia,45.435053400000001,12.337523400000000,"8","8","16",0.500000000000000,0.500000000000000
ChIJRf6ilsexfkcR4Rj0vhtVtxI,Giardini Papadopoli,0.505750000000000,"2",45.438298300000000,12.320654500000000,POINT (12.3206545 45.4382983),1371528.985179854556918,5690788.536867574788630,253,ChIJRf6ilsexfkcR4Rj0vhtVtxI,Giardini Papadopoli,45.438298300000000,12.320654500000000,"2","6","8",0.250000000000000,0.750000000000000
ChIJSap6otmxfkcREEKsJmwKNgY,Cantina Canaletto S.R.L.,0.906700000000000,"1",45.436796600000001,12.338916500000000,POINT (12.3389165 45.4367966),1373561.901720721507445,5690550.298667550086975,257,ChIJSap6otmxfkcREEKsJmwKNgY,Cantina Canaletto S.R.L.,45.436796600000001,12.338916500000000,"1","7","8",0.125000000000000,0.875000000000000
ChIJUfx0iauxfkcRIjpdmRIteOs,L.G.R Flagship Store Venezia,0.000000000000000,"1",45.435446200000001,12.338452999999999,POINT (12.338453 45.4354462),1373510.305136738577858,5690336.068971155211329,265,ChIJUfx0iauxfkcRIjpdmRIteOs,L.G.R Flagship Store Venezia,45.435446200000001,12.338452999999999,"1","7","8",0.125000000000000,0.875000000000000
ChIJV-PrrtixfkcRdIL-t7XP96k,Trattoria Bandierette,0.912850000000000,"2",45.438661900000000,12.343610300000000,POINT (12.3436103 45.4386619),1374084.413146606879309,5690846.221385986544192,266,ChIJV-PrrtixfkcRdIL-t7XP96k,Trattoria Bandierette,45.438661900000000,12.343610300000000,"2","6","8",0.250000000000000,0.750000000000000
ChIJW17o1M6xfkcRZXpignb2aWE,Ristorante Dallo Zio Santa Margherita,0.973400000000000,"1",45.433836700000001,12.323783900000000,POINT (12.323783899999999 45.4338367),1371877.348394343163818,5690080.741917075589299,270,ChIJW17o1M6xfkcRZXpignb2aWE,Ristorante Dallo Zio Santa Margherita,45.433836700000001,12.323783900000000,"1","7","8",0.125000000000000,0.875000000000000
ChIJW5Is2tmxfkcRVox5WQxcXSw,UniCredit,-0.088950000000000,"2",45.434954300000001,12.338674599999999,POINT (12.3386746 45.4349543),1373534.973535898374394,5690258.034412873908877,272,ChIJW5Is2tmxfkcRVox5WQxcXSw,UniCredit,45.434954300000001,12.338674599999999,"2","6","8",0.250000000000000,0.750000000000000
ChIJW9rQENqxfkcRN7vDMpQjRMQ,Allianz Venezia Centro Storico,0.000000000000000,"1",45.435958800000002,12.335873100000001,POINT (12.335873099999999 45.435958799999995),1373223.111982441274449,5690417.388081926852465,273,ChIJW9rQENqxfkcRN7vDMpQjRMQ,Allianz Venezia Centro Storico,45.435958800000002,12.335873100000001,"1","7","8",0.125000000000000,0.875000000000000
ChIJXVfGHACxfkcRZMDpSM-xppo,Trattoria Ai Botteri,-0.001150000000000,"2",45.439572400000003,12.332825200000000,POINT (12.3328252 45.439572399999996),1372883.821306452155113,5690990.672285333275795,286,ChIJXVfGHACxfkcRZMDpSM-xppo,Trattoria Ai Botteri,45.439572400000003,12.332825200000000,"2","6","8",0.250000000000000,0.750000000000000
ChIJXximjS-xfkcRYzL-q5sK2Uc,e???e??1 Nails Venezia e???e??1,0.950900000000000,"1",45.441000199999998,12.336540599999999,POINT (12.3365406 45.4410002),1373297.417742545483634,5691217.197565740905702,287,ChIJXximjS-xfkcRYzL-q5sK2Uc,e???e??1 Nails Venezia e???e??1,45.441000199999998,12.336540599999999,"1","7","8",0.125000000000000,0.875000000000000
ChIJYQuk5MOxfkcR5OlqXel1QnM,Pizzeria fantasia,-0.306033333333333,"3",45.436262999999997,12.320110000000000,POINT (12.32011 45.436263),1371468.371717117493972,5690465.646865630522370,289,ChIJYQuk5MOxfkcR5OlqXel1QnM,Pizzeria fantasia,45.436262999999997,12.320110000000000,"3","5","8",0.375000000000000,0.625000000000000
ChIJZ3MTxtmxfkcRBj8O024av2I,Fonderia Artistica Valese,0.764400000000000,"2",45.435308700000000,12.338069900000001,POINT (12.338069899999999 45.4353087),1373467.658639816101640,5690314.256030606105924,294,ChIJZ3MTxtmxfkcRBj8O024av2I,Fonderia Artistica Valese,45.435308700000000,12.338069900000001,"2","6","8",0.250000000000000,0.750000000000000
ChIJZ5wDtMGxfkcR7AqGm21ZwYI,Gam Gam Goodies,0.854584615384615,"13",45.444405099999997,12.325367300000000,POINT (12.3253673 45.4444051),1372053.611676065251231,5691757.419558682478964,296,ChIJZ5wDtMGxfkcR7AqGm21ZwYI,Gam Gam Goodies,45.444405099999997,12.325367300000000,"3","5","8",0.375000000000000,0.625000000000000
ChIJZVKC3e-xfkcRX41yN-IsSrU,POKE a pu¨¤,0.641000000000000,"2",45.435431899999998,12.335285400000000,POINT (12.3352854 45.4354319),1373157.689517701743171,5690333.800422861240804,297,ChIJZVKC3e-xfkcRX41yN-IsSrU,POKE a pu¨¤,45.435431899999998,12.335285400000000,"2","6","8",0.250000000000000,0.750000000000000
ChIJZeQ1un2xfkcRNH4qPvwAiZs,Bialetti,0.449625000000000,"8",45.436485800000000,12.335777000000000,POINT (12.335777 45.4364858),1373212.414179375860840,5690500.992385734803975,298,ChIJZeQ1un2xfkcRNH4qPvwAiZs,Bialetti,45.436485800000000,12.335777000000000,"8","8","16",0.500000000000000,0.500000000000000
ChIJZxKM0fexfkcRM4GhYMtPqz8,12oz,0.908066666666667,"6",45.441081500000003,12.334365699999999,POINT (12.3343657 45.441081499999996),1373055.308982019079849,5691230.096257150173187,299,ChIJZxKM0fexfkcRM4GhYMtPqz8,12oz,45.441081500000003,12.334365699999999,"6","10","16",0.375000000000000,0.625000000000000
ChIJ_1sIlcaxfkcRoCg9GfYmL6o,Conad,0.307550000000000,"4",45.439881300000003,12.324616799999999,POINT (12.3246168 45.439881299999996),1371970.066398224560544,5691039.679825115948915,302,ChIJ_1sIlcaxfkcRoCg9GfYmL6o,Conad,45.439881300000003,12.324616799999999,"4","4","8",0.500000000000000,0.500000000000000
ChIJ_Qc7CUKvfkcRG_u6p4XTkxY,Trattoria Dai Fioi (Venezia Biennale),0.793500000000000,"4",45.431212299999999,12.356652100000000,POINT (12.3566521 45.4312123),1375536.219681634567678,5689664.429282234050333,305,ChIJ_Qc7CUKvfkcRG_u6p4XTkxY,Trattoria Dai Fioi (Venezia Biennale),45.431212299999999,12.356652100000000,"4","12","16",0.250000000000000,0.750000000000000
ChIJ_____y-7fkcRjp7YvX0KzIg,Swarovski Store Venezia,0.963000000000000,"1",45.437159700000002,12.336598400000000,POINT (12.3365984 45.437159699999995),1373303.852009113412350,5690607.902328524738550,310,ChIJ_____y-7fkcRjp7YvX0KzIg,Swarovski Store Venezia,45.437159700000002,12.336598400000000,"1","7","8",0.125000000000000,0.875000000000000
ChIJ__n6NtexfkcR07WqlXS5enA,San Marco square suite,0.990300000000000,"1",45.433680199999998,12.336390600000000,POINT (12.3363906 45.4336802),1373280.719818926416337,5690055.915536990389228,311,ChIJ__n6NtexfkcR07WqlXS5enA,San Marco square suite,45.433680199999998,12.336390600000000,"1","7","8",0.125000000000000,0.875000000000000
ChIJaQ4b4yWufkcRBD__9QvA8c4,Trattoria Al Vecio Portal Laguna e Oltre,0.318866666666667,"3",45.434118499999997,12.347843900000001,POINT (12.347843899999999 45.4341185),1374555.695342829218134,5690125.445438323542476,317,ChIJaQ4b4yWufkcRBD__9QvA8c4,Trattoria Al Vecio Portal Laguna e Oltre,45.434118499999997,12.347843900000001,"3","5","8",0.375000000000000,0.625000000000000
ChIJaRylF92xfkcRhnBbKdBPPOI,Vini da Gigio,0.991900000000000,"1",45.441986200000002,12.333755800000000,POINT (12.333755799999999 45.441986199999995),1372987.415224584518000,5691373.633133964613080,318,ChIJaRylF92xfkcRhnBbKdBPPOI,Vini da Gigio,45.441986200000002,12.333755800000000,"1","7","8",0.125000000000000,0.875000000000000
ChIJaSb0QtuxfkcRhcjNEiAIlYM,Trattoria Antica Torre,0.975100000000000,"1",45.439151600000002,12.333544399999999,POINT (12.3335444 45.439151599999995),1372963.882284230785444,5690923.912041272968054,319,ChIJaSb0QtuxfkcRhcjNEiAIlYM,Trattoria Antica Torre,45.439151600000002,12.333544399999999,"1","7","8",0.125000000000000,0.875000000000000
ChIJaTrFFtqxfkcRMOOvoNuWdxk,Ostaria A La Campana,0.750250000000000,"8",45.436111099999998,12.335833299999999,POINT (12.3358333 45.4361111),1373218.681466707494110,5690441.549169586040080,321,ChIJaTrFFtqxfkcRMOOvoNuWdxk,Ostaria A La Campana,45.436111099999998,12.335833299999999,"8","8","16",0.500000000000000,0.500000000000000
ChIJaY6LaNKxfkcRCS3ILBTAWWs,La Bottega Del Gusto Snc,0.940750000000000,"2",45.435903300000000,12.325163800000000,POINT (12.325163799999999 45.4359033),1372030.958159688627347,5690408.583499548956752,322,ChIJaY6LaNKxfkcRCS3ILBTAWWs,La Bottega Del Gusto Snc,45.435903300000000,12.325163800000000,"2","6","8",0.250000000000000,0.750000000000000
ChIJabgg9sWxfkcRuMtUubUcDHk,Parrucchiere New Jolly Style - San Polo,-0.131000000000000,"2",45.436264399999999,12.325611100000000,POINT (12.3256111 45.4362644),1372080.751367920543998,5690465.868964512832463,324,ChIJabgg9sWxfkcRuMtUubUcDHk,Parrucchiere New Jolly Style - San Polo,45.436264399999999,12.325611100000000,"2","6","8",0.250000000000000,0.750000000000000
ChIJacRQuieufkcRX1B3z1zJAhY,Trattoria da Remigio,0.885800000000000,"1",45.435654800000002,12.345063800000000,POINT (12.3450638 45.435654799999995),1374246.216026474721730,5690369.161286441609263,325,ChIJacRQuieufkcRX1B3z1zJAhY,Trattoria da Remigio,45.435654800000002,12.345063800000000,"1","7","8",0.125000000000000,0.875000000000000
ChIJb-uRbACvfkcRO4K-Wdti2eQ,Bacarandino Bistrot,0.737600000000000,"1",45.435086599999998,12.347533800000001,POINT (12.347533799999999 45.4350866),1374521.175168734276667,5690279.022294896654785,328,ChIJb-uRbACvfkcRO4K-Wdti2eQ,Bacarandino Bistrot,45.435086599999998,12.347533800000001,"1","7","8",0.125000000000000,0.875000000000000
ChIJb6_r1tCxfkcRxSO4Rg2v_Q8,BVLGARI Venice Store,-0.296000000000000,"1",45.433357299999997,12.336531300000001,POINT (12.336531299999999 45.4333573),1373296.382471281336620,5690004.692507720552385,331,ChIJb6_r1tCxfkcRxSO4Rg2v_Q8,BVLGARI Venice Store,45.433357299999997,12.336531300000001,"1","7","8",0.125000000000000,0.875000000000000
ChIJb7t-a8-xfkcRXPD2HxP6ztQ,La Casa Di Loto,0.940200000000000,"1",45.435390400000003,12.326045199999999,POINT (12.3260452 45.435390399999996),1372129.075158873805776,5690327.216876875609159,332,ChIJb7t-a8-xfkcRXPD2HxP6ztQ,La Casa Di Loto,45.435390400000003,12.326045199999999,"1","7","8",0.125000000000000,0.875000000000000
ChIJbU3sdpWxfkcRA5YX6LhhAZ8,Trattoria da Mimmo,0.974700000000000,"2",45.443815899999997,12.327565500000000,POINT (12.327565499999999 45.4438159),1372298.314180726883933,5691663.934657122939825,333,ChIJbU3sdpWxfkcRA5YX6LhhAZ8,Trattoria da Mimmo,45.443815899999997,12.327565500000000,"2","14","16",0.125000000000000,0.875000000000000
ChIJc2rTEACxfkcR_CzHFrzshtU,Moro Cafe,0.948233333333333,"12",45.431938400000000,12.329721200000000,POINT (12.3297212 45.4319384),1372538.285607029916719,5689779.609712216071784,335,ChIJc2rTEACxfkcR_CzHFrzshtU,Moro Cafe,45.431938400000000,12.329721200000000,"12","20","32",0.375000000000000,0.625000000000000
ChIJcZdwNwyvfkcRp1Vr837WVNM,Giardini Napoleonici,0.640300000000000,"2",45.430083000000003,12.355323900000000,POINT (12.3553239 45.430082999999996),1375388.365133963059634,5689485.292632192373276,341,ChIJcZdwNwyvfkcRp1Vr837WVNM,Giardini Napoleonici,45.430083000000003,12.355323900000000,"2","6","8",0.250000000000000,0.750000000000000
ChIJcez3aGSxfkcRXq36muA9vrQ,USATA by MarcoPolo,0.340000000000000,"1",45.433863299999999,12.322911599999999,POINT (12.3229116 45.4338633),1371780.244402524083853,5690084.961615359410644,342,ChIJcez3aGSxfkcRXq36muA9vrQ,USATA by MarcoPolo,45.433863299999999,12.322911599999999,"1","7","8",0.125000000000000,0.875000000000000
ChIJd9XzdQCxfkcRiCs-rbwACRY,ALAM STORE,0.000000000000000,"1",45.442382799999997,12.308479699999999,POINT (12.3084797 45.4423828),1370173.692643344635144,5691436.557177131995559,346,ChIJd9XzdQCxfkcRiCs-rbwACRY,ALAM STORE,45.442382799999997,12.308479699999999,"1","4","5",0.200000000000000,0.800000000000000
ChIJdQaKbtuxfkcRXCDnSwvWAZ0,Trattoria Rialto Novo,0.940133333333333,"6",45.438384999999997,12.334886500000000,POINT (12.3348865 45.438385),1373113.284172824816778,5690802.291640608571470,347,ChIJdQaKbtuxfkcRXCDnSwvWAZ0,Trattoria Rialto Novo,45.438384999999997,12.334886500000000,"6","10","16",0.375000000000000,0.625000000000000
ChIJe9TiZdexfkcRbBTs1D2xSYY,Alajmo S.p.A.,-0.098925000000000,"8",45.434318699999999,12.338062400000000,POINT (12.3380624 45.4343187),1373466.823743634857237,5690157.204427583143115,350,ChIJe9TiZdexfkcRbBTs1D2xSYY,Alajmo S.p.A.,45.434318699999999,12.338062400000000,"8","8","16",0.500000000000000,0.500000000000000
ChIJeRPKr02xfkcRYceaOpL8S3Q,Nana Nail,0.000000000000000,"1",45.439033500000001,12.318357000000001,POINT (12.318356999999999 45.4390335),1371273.228649757103994,5690905.175474797375500,351,ChIJeRPKr02xfkcRYceaOpL8S3Q,Nana Nail,45.439033500000001,12.318357000000001,"1","7","8",0.125000000000000,0.875000000000000
ChIJeWFfstCxfkcRjFUpqkCiYrc,Da Cherubino,0.933250000000000,"4",45.434426199999997,12.335807200000000,POINT (12.3358072 45.4344262),1373215.776027997955680,5690174.257877397350967,354,ChIJeWFfstCxfkcRjFUpqkCiYrc,Da Cherubino,45.434426199999997,12.335807200000000,"4","12","16",0.250000000000000,0.750000000000000
ChIJeyRsG9KxfkcR9jpSGhYrUP8,Parrucchiera Monica,0.000000000000000,"1",45.430688500000002,12.329231300000000,POINT (12.3292313 45.430688499999995),1372483.750188490143046,5689581.340394776314497,357,ChIJeyRsG9KxfkcR9jpSGhYrUP8,Parrucchiera Monica,45.430688500000002,12.329231300000000,"1","7","8",0.125000000000000,0.875000000000000
ChIJf3vZsCeufkcR-hNEnaG0fRc,Trattoria da Denis,0.967700000000000,"1",45.435644300000000,12.345819900000000,POINT (12.345819899999999 45.4356443),1374330.384693463565782,5690367.495562949217856,358,ChIJf3vZsCeufkcR-hNEnaG0fRc,Trattoria da Denis,45.435644300000000,12.345819900000000,"1","7","8",0.125000000000000,0.875000000000000
ChIJfTGsbW-xfkcR9fcNaXdiXKc,Venice Duck Store - The Original,0.967800000000000,"1",45.437793800000001,12.337203700000000,POINT (12.3372037 45.4377938),1373371.233696890762076,5690708.499420719221234,360,ChIJfTGsbW-xfkcR9fcNaXdiXKc,Venice Duck Store - The Original,45.437793800000001,12.337203700000000,"1","7","8",0.125000000000000,0.875000000000000
ChIJfaN4FMSxfkcRL57fL05B6Zc,Stationary Store Venice Campo San Giacomo,0.000000000000000,"1",45.439750300000000,12.327576000000001,POINT (12.327575999999999 45.4397503),1372299.483035380253568,5691018.896407076157629,361,ChIJfaN4FMSxfkcRL57fL05B6Zc,Stationary Store Venice Campo San Giacomo,45.439750300000000,12.327576000000001,"1","7","8",0.125000000000000,0.875000000000000
ChIJg76B-tqxfkcRMS0WgmN8htM,"Stefano e Claudia Parrucchieri - Hairdressing Salon, Hairdresser Venice, Parrucchiere Centro Storico",0.742950000000000,"2",45.437116500000002,12.333613500000000,POINT (12.3336135 45.437116499999995),1372971.574461044510826,5690601.048885374329984,367,ChIJg76B-tqxfkcRMS0WgmN8htM,"Stefano e Claudia Parrucchieri - Hairdressing Salon, Hairdresser Venice, Parrucchiere Centro Storico",45.437116500000002,12.333613500000000,"2","6","8",0.250000000000000,0.750000000000000
ChIJgSMI-7exfkcR3B7nnpiROBM,Trattoria Alle Burchielle,0.949200000000000,"1",45.436901200000001,12.319554300000000,POINT (12.3195543 45.4369012),1371406.511476083891466,5690566.892799021676183,370,ChIJgSMI-7exfkcR3B7nnpiROBM,Trattoria Alle Burchielle,45.436901200000001,12.319554300000000,"1","7","8",0.125000000000000,0.875000000000000
ChIJgZv3SACxfkcRKrmSRs2HXN8,Patria de la campana,-0.296000000000000,"1",45.436043200000000,12.335748600000001,POINT (12.335748599999999 45.4360432),1373209.252705837367103,5690430.777409384027123,372,ChIJgZv3SACxfkcRKrmSRs2HXN8,Patria de la campana,45.436043200000000,12.335748600000001,"1","1","2",0.500000000000000,0.500000000000000
ChIJg_bgvS-ufkcRs6s7NP-hKCM,Tratoria-Pizzeria Sottoprova,0.839800000000000,"1",45.432145599999998,12.351546200000000,POINT (12.3515462 45.4321456),1374967.833493593148887,5689812.477887974120677,373,ChIJg_bgvS-ufkcRs6s7NP-hKCM,Tratoria-Pizzeria Sottoprova,45.432145599999998,12.351546200000000,"1","7","8",0.125000000000000,0.875000000000000
ChIJgba9G9KxfkcROZAGilD2dxM,Trattoria ai Cugnai dal 1911,0.988900000000000,"2",45.430663199999998,12.329396200000000,POINT (12.3293962 45.4306632),1372502.106772522209212,5689577.327148064039648,375,ChIJgba9G9KxfkcROZAGilD2dxM,Trattoria ai Cugnai dal 1911,45.430663199999998,12.329396200000000,"2","14","16",0.125000000000000,0.875000000000000
ChIJgdJEZZWxfkcROxJdN-UdpCo,Parrucchiera Stefania Di Fassan Stefania,0.000000000000000,"1",45.447038900000003,12.320511399999999,POINT (12.3205114 45.447038899999995),1371513.055360721889883,5692175.321064924821258,376,ChIJgdJEZZWxfkcROxJdN-UdpCo,Parrucchiera Stefania Di Fassan Stefania,45.447038900000003,12.320511399999999,"1","7","8",0.125000000000000,0.875000000000000
ChIJgxfQEduxfkcRGbPbDICznyY,Caff¨¨ del Doge,0.902950000000000,"16",45.438314900000002,12.334282600000000,POINT (12.3342826 45.438314899999995),1373046.058332334505394,5690791.170421100221574,377,ChIJgxfQEduxfkcRGbPbDICznyY,Caff¨¨ del Doge,45.438314900000002,12.334282600000000,"16","16","32",0.500000000000000,0.500000000000000
ChIJh42nfdexfkcRyfkhs18FD4c,Exchange,0.915000000000000,"1",45.433567400000001,12.337138299999999,POINT (12.3371383 45.4335674),1373363.953402192564681,5690038.021549822762609,378,ChIJh42nfdexfkcRyfkhs18FD4c,Exchange,45.433567400000001,12.337138299999999,"1","7","8",0.125000000000000,0.875000000000000
ChIJh99wf8-xfkcReHhAJO0x94g,Crai,-0.076550000000000,"2",45.435845999999998,12.327428500000000,POINT (12.3274285 45.435846),1372283.063410488190129,5690399.493372233584523,379,ChIJh99wf8-xfkcReHhAJO0x94g,Crai,45.435845999999998,12.327428500000000,"2","6","8",0.250000000000000,0.750000000000000
ChIJhXOXcD6vfkcRMy5-K3G7Ea4,Coop Querini CASTELLO,0.339725000000000,"4",45.439722699999997,12.345893100000000,POINT (12.3458931 45.4397227),1374338.533280189614743,5691014.517616758123040,386,ChIJhXOXcD6vfkcRMy5-K3G7Ea4,Coop Querini CASTELLO,45.439722699999997,12.345893100000000,"4","4","8",0.500000000000000,0.500000000000000
ChIJhYBZl9GxfkcRF77Kkmcaz0U,The Gritti Epicurean School,0.957800000000000,"1",45.431736399999998,12.333430900000000,POINT (12.3334309 45.4317364),1372951.247522025601938,5689747.566529618576169,387,ChIJhYBZl9GxfkcRF77Kkmcaz0U,The Gritti Epicurean School,45.431736399999998,12.333430900000000,"1","5","6",0.166666666666667,0.833333333333333
ChIJi49FrNuxfkcRCg-gDTc2Dis,Trattoria alla Madonna,0.356950000000000,"2",45.438226200000003,12.334512800000001,POINT (12.334512799999999 45.438226199999995),1373071.684079115046188,5690777.098369996063411,389,ChIJi49FrNuxfkcRCg-gDTc2Dis,Trattoria alla Madonna,45.438226200000003,12.334512800000001,"2","6","8",0.250000000000000,0.750000000000000
ChIJi5xhTQCxfkcR-4D1rYMVGjY,Albero dell??ombra,0.000000000000000,"1",45.437710000000003,12.330200000000000,POINT (12.3302 45.437709999999996),1372591.585379221709445,5690695.204865549691021,391,ChIJi5xhTQCxfkcR-4D1rYMVGjY,Albero dell??ombra,45.437710000000003,12.330200000000000,"1","7","8",0.125000000000000,0.875000000000000
ChIJiWB1GtixfkcRrDv1BlczvMk,Aciugheta,0.946966666666667,"3",45.435204700000000,12.341645099999999,POINT (12.3416451 45.4352047),1373865.648083300096914,5690297.757550875656307,392,ChIJiWB1GtixfkcRrDv1BlczvMk,Aciugheta,45.435204700000000,12.341645099999999,"3","5","8",0.375000000000000,0.625000000000000
ChIJi_7bSdyxfkcROSqa8RX66ww,Frutta e Verdura Eredi di Maccanin Marco SNC,0.000000000000000,"1",45.441593099999999,12.337797000000000,POINT (12.337797 45.4415931),1373437.279550778213888,5691311.264832759276032,395,ChIJi_7bSdyxfkcROSqa8RX66ww,Frutta e Verdura Eredi di Maccanin Marco SNC,45.441593099999999,12.337797000000000,"1","7","8",0.125000000000000,0.875000000000000
ChIJic35_MaxfkcRvYl9zx4KzL0,Luggage Storage Venice,0.883000000000000,"1",45.439337500000001,12.323033499999999,POINT (12.3230335 45.4393375),1371793.814248451730236,5690953.405158042907715,398,ChIJic35_MaxfkcRvYl9zx4KzL0,Luggage Storage Venice,45.439337500000001,12.323033499999999,"1","7","8",0.125000000000000,0.875000000000000
ChIJidUtAcKxfkcRYXhGuTpGWO0,Camuffo Canareggio,0.000000000000000,"1",45.445247700000003,12.328891400000000,POINT (12.3288914 45.445247699999996),1372445.912693569669500,5691891.111645701341331,399,ChIJidUtAcKxfkcRYXhGuTpGWO0,Camuffo Canareggio,45.445247700000003,12.328891400000000,"1","3","4",0.250000000000000,0.750000000000000
ChIJifu7VNixfkcRqoEhCUtGJqY,Pasta & Pasta,0.957000000000000,"1",45.436514099999997,12.339658099999999,POINT (12.3396581 45.4365141),1373644.456255093449727,5690505.481974802911282,400,ChIJifu7VNixfkcRqoEhCUtGJqY,Pasta & Pasta,45.436514099999997,12.339658099999999,"1","7","8",0.125000000000000,0.875000000000000
ChIJjZhi6cmxfkcRQTF2RBjLL_4,Park in Fondamenta de la Pescaria,0.000000000000000,"1",45.432425899999998,12.317680100000000,POINT (12.317680099999999 45.4324259),1371197.876486439025030,5689856.942122795619071,406,ChIJjZhi6cmxfkcRQTF2RBjLL_4,Park in Fondamenta de la Pescaria,45.432425899999998,12.317680100000000,"1","4","5",0.200000000000000,0.800000000000000
ChIJjZjunYSxfkcRaFJoBGFHDFY,Claudia Cavei,0.673400000000000,"1",45.441116200000003,12.325893300000001,POINT (12.325893299999999 45.441116199999996),1372112.165728222345933,5691235.601608342491090,407,ChIJjZjunYSxfkcRaFJoBGFHDFY,Claudia Cavei,45.441116200000003,12.325893300000001,"1","7","8",0.125000000000000,0.875000000000000
ChIJjfZZCduxfkcRQQa1htt5Bos,Caff¨¨ Vergnano 1882,0.088666666666667,"12",45.438690100000002,12.335534000000001,POINT (12.335533999999999 45.438690099999995),1373185.363543113227934,5690850.695283312350512,408,ChIJjfZZCduxfkcRQQa1htt5Bos,Caff¨¨ Vergnano 1882,45.438690100000002,12.335534000000001,"12","20","32",0.375000000000000,0.625000000000000
ChIJkdLDIkOxfkcRn6QauoU8Qg4,Spicy Puppa,0.974150000000000,"2",45.440637799999998,12.337097600000000,POINT (12.3370976 45.4406378),1373359.422698917565867,5691159.701041934080422,419,ChIJkdLDIkOxfkcRn6QauoU8Qg4,Spicy Puppa,45.440637799999998,12.337097600000000,"2","6","8",0.250000000000000,0.750000000000000
ChIJl9478tCxfkcRczwcxNeyI9E,Luca La Fenice Di Bernardini Luca & C.,0.392250000000000,"2",45.434351800000002,12.334162100000000,POINT (12.334162099999999 45.434351799999995),1373032.644333693897352,5690162.455300298519433,424,ChIJl9478tCxfkcRczwcxNeyI9E,Luca La Fenice Di Bernardini Luca & C.,45.434351800000002,12.334162100000000,"2","6","8",0.250000000000000,0.750000000000000
ChIJlSJN4ZmxfkcRkG0vxm3qe2E,Dolce Vita Venezia,0.893850000000000,"8",45.435903699999997,12.325444100000000,POINT (12.325444099999999 45.4359037),1372062.161012958269566,5690408.646955967880785,425,ChIJlSJN4ZmxfkcRkG0vxm3qe2E,Dolce Vita Venezia,45.435903699999997,12.325444100000000,"8","8","16",0.500000000000000,0.500000000000000
ChIJlWHWBtyxfkcRqijQhh9K53Y,Trattoria Tre Spiedi,0.953266666666667,"3",45.439679900000002,12.337455500000001,POINT (12.337455499999999 45.439679899999994),1373399.263944672653452,5691007.727322963997722,427,ChIJlWHWBtyxfkcRqijQhh9K53Y,Trattoria Tre Spiedi,45.439679900000002,12.337455500000001,"3","13","16",0.187500000000000,0.812500000000000
ChIJm8B2RGqxfkcRA2kb1NqlzH0,Euronet ATM,-0.401000000000000,"2",45.440500399999998,12.325075999999999,POINT (12.325076 45.4405004),1372021.184308397118002,5691137.901959759183228,432,ChIJm8B2RGqxfkcRA2kb1NqlzH0,Euronet ATM,45.440500399999998,12.325075999999999,"2","6","8",0.250000000000000,0.750000000000000
ChIJmQGzMdCxfkcRtibrWd0o3ak,Nonno Bepi,0.777566666666667,"3",45.433763999999996,12.330545300000001,POINT (12.330545299999999 45.433764),1372630.023999392753467,5690069.209142811596394,433,ChIJmQGzMdCxfkcRtibrWd0o3ak,Nonno Bepi,45.433763999999996,12.330545300000001,"3","5","8",0.375000000000000,0.625000000000000
ChIJmyhBZNyxfkcRwajuYZtXgOo,Trattoria Pizzeria Casa Mia,0.883850000000000,"2",45.440683900000003,12.336346600000001,POINT (12.336346599999999 45.440683899999996),1373275.821761331753805,5691167.015010803006589,438,ChIJmyhBZNyxfkcRwajuYZtXgOo,Trattoria Pizzeria Casa Mia,45.440683900000003,12.336346600000001,"2","6","8",0.250000000000000,0.750000000000000
ChIJn-W51NmxfkcRNc89FDreM28,Ristorante Trattoria Sempione,0.000000000000000,"1",45.434957500000003,12.339451900000000,POINT (12.3394519 45.434957499999996),1373621.502176092006266,5690258.542055698111653,441,ChIJn-W51NmxfkcRNc89FDreM28,Ristorante Trattoria Sempione,45.434957500000003,12.339451900000000,"1","6","7",0.142857142857143,0.857142857142857
ChIJn4dIRTmxfkcRLAwDMBZSFy8,Essenza Zen Parrucchieri,0.546600000000000,"2",45.438935899999997,12.340138400000001,POINT (12.340138399999999 45.4389359),1373697.923006521770731,5690889.691263175569475,443,ChIJn4dIRTmxfkcRLAwDMBZSFy8,Essenza Zen Parrucchieri,45.438935899999997,12.340138400000001,"2","6","8",0.250000000000000,0.750000000000000
ChIJnQ0dHMmxfkcR4MwKa6C217I,Palazzo Foscarini,0.928200000000000,"1",45.434018000000002,12.321680000000001,POINT (12.321679999999999 45.434017999999995),1371643.143317662877962,5690109.502531645819545,444,ChIJnQ0dHMmxfkcR4MwKa6C217I,Palazzo Foscarini,45.434018000000002,12.321680000000001,"1","7","8",0.125000000000000,0.875000000000000
ChIJncoJaVixfkcRurjMBgZ90xs,TUDAY CONAD,0.748500000000000,"1",45.428471600000002,12.331167799999999,POINT (12.3311678 45.428471599999995),1372699.320382411358878,5689229.688461787067354,445,ChIJncoJaVixfkcRurjMBgZ90xs,TUDAY CONAD,45.428471600000002,12.331167799999999,"1","7","8",0.125000000000000,0.875000000000000
ChIJnfh-QKyxfkcR4nRlnMX3dBg,CONAD CITY,0.584066666666667,"3",45.434023000000003,12.324045600000000,POINT (12.3240456 45.434022999999996),1371906.480705083580688,5690110.295710410922766,446,ChIJnfh-QKyxfkcR4nRlnMX3dBg,CONAD CITY,45.434023000000003,12.324045600000000,"3","5","8",0.375000000000000,0.625000000000000
ChIJo7Gd6SWufkcR69KQsc33ux4,Trattoria Pizzeria da Paolo,-0.008200000000000,"4",45.434577699999998,12.349671799999999,POINT (12.3496718 45.4345777),1374759.176240050233901,5690198.291399030946195,448,ChIJo7Gd6SWufkcR69KQsc33ux4,Trattoria Pizzeria da Paolo,45.434577699999998,12.349671799999999,"4","12","16",0.250000000000000,0.750000000000000
ChIJo8xJv86xfkcR9oGuYgB1fxY,TRATTORIA PIZZERIA PAN E VIN,0.979750000000000,"2",45.432769000000000,12.324265000000000,POINT (12.324264999999999 45.432769),1371930.904201363679022,5689911.368677288293839,449,ChIJo8xJv86xfkcR9oGuYgB1fxY,TRATTORIA PIZZERIA PAN E VIN,45.432769000000000,12.324265000000000,"2","6","8",0.250000000000000,0.750000000000000
ChIJoQ5z1OKxfkcRDjYGWnOknUs,Venice Duck Store - The Original,0.952400000000000,"1",45.440798800000003,12.335227000000000,POINT (12.335227 45.440798799999996),1373151.188459439435974,5691185.244429934769869,450,ChIJoQ5z1OKxfkcRDjYGWnOknUs,Venice Duck Store - The Original,45.440798800000003,12.335227000000000,"1","7","8",0.125000000000000,0.875000000000000
ChIJoZ7wD8SxfkcRnG6X0BnuTho,Trattoria Alla Ferrata,0.950900000000000,"1",45.440291100000003,12.325270800000000,POINT (12.3252708 45.440291099999996),1372042.869345203740522,5691104.695745192468166,451,ChIJoZ7wD8SxfkcRnG6X0BnuTho,Trattoria Alla Ferrata,45.440291100000003,12.325270800000000,"1","7","8",0.125000000000000,0.875000000000000
ChIJp3E4MI-xfkcRMke-YEst-2g,Crai SanMarco Supermarket,0.439700000000000,"3",45.434830900000001,12.337617500000000,POINT (12.337617499999999 45.4348309),1373417.297702180920169,5690238.458458420820534,452,ChIJp3E4MI-xfkcRMke-YEst-2g,Crai SanMarco Supermarket,45.434830900000001,12.337617500000000,"3","5","8",0.375000000000000,0.625000000000000
ChIJp8qkZs-xfkcRhQyan0VkUgA,Al Vecio Forno,0.977900000000000,"2",45.435808000000002,12.326259200000001,POINT (12.326259199999999 45.435807999999994),1372152.897529903799295,5690393.465020639821887,453,ChIJp8qkZs-xfkcRhQyan0VkUgA,Al Vecio Forno,45.435808000000002,12.326259200000001,"2","6","8",0.250000000000000,0.750000000000000
ChIJpUqC2NCxfkcR9hina6HP1l4,Deutsche Bank,0.012000000000000,"2",45.436192200000001,12.335015600000000,POINT (12.3350156 45.4361922),1373127.655519085936248,5690454.415015030652285,456,ChIJpUqC2NCxfkcR9hina6HP1l4,Deutsche Bank,45.436192200000001,12.335015600000000,"2","6","8",0.250000000000000,0.750000000000000
ChIJpwifHtCxfkcR5WrUIZoix5s,Alimentari De Rossi Paolo,0.891300000000000,"2",45.434439300000001,12.329818899999999,POINT (12.3298189 45.4344393),1372549.161521280417219,5690176.336020944640040,460,ChIJpwifHtCxfkcR5WrUIZoix5s,Alimentari De Rossi Paolo,45.434439300000001,12.329818899999999,"2","6","8",0.250000000000000,0.750000000000000
ChIJq6UHkjSxfkcRlhiVQZySClM,Bailo Supermercati,0.481933333333333,"3",45.439738300000002,12.337244099999999,POINT (12.3372441 45.439738299999995),1373375.731004318688065,5691016.992584936320782,464,ChIJq6UHkjSxfkcRlhiVQZySClM,Bailo Supermercati,45.439738300000002,12.337244099999999,"3","5","8",0.375000000000000,0.625000000000000
ChIJq6rWOdexfkcRf4EwoRS2zq0,Stone Island,0.905900000000000,"1",45.433716099999998,12.336694000000000,POINT (12.336694 45.4337161),1373314.494152433238924,5690061.610527998767793,465,ChIJq6rWOdexfkcRf4EwoRS2zq0,Stone Island,45.433716099999998,12.336694000000000,"1","7","8",0.125000000000000,0.875000000000000
ChIJq_t62QixfkcRKQN7NSyKNvQ,Supermercato Coop,0.790600000000000,"1",45.442110200000002,12.333144700000000,POINT (12.3331447 45.442110199999995),1372919.387883760733530,5691393.306766094639897,469,ChIJq_t62QixfkcRKQN7NSyKNvQ,Supermercato Coop,45.442110200000002,12.333144700000000,"1","7","8",0.125000000000000,0.875000000000000
ChIJqzo0lMaxfkcRhwRo4Wp1DqU,Trefanti,0.957275000000000,"8",45.439711799999998,12.324920799999999,POINT (12.3249208 45.4397118),1372003.907523425761610,5691012.788312474265695,472,ChIJqzo0lMaxfkcRhwRo4Wp1DqU,Trefanti,45.439711799999998,12.324920799999999,"8","8","16",0.500000000000000,0.500000000000000
ChIJr46aRdexfkcRAKuGmkazWWE,Cr??dit Agricole Italia,0.943100000000000,"1",45.435782000000003,12.334505999999999,POINT (12.334506 45.435781999999996),1373070.927106577437371,5690389.340361363254488,476,ChIJr46aRdexfkcRAKuGmkazWWE,Cr??dit Agricole Italia,45.435782000000003,12.334505999999999,"1","7","8",0.125000000000000,0.875000000000000
ChIJr6rjRNqxfkcR6MWYsM1pwTI,Coop,-0.016850000000000,"2",45.436490700000000,12.334380800000000,POINT (12.3343808 45.4364907),1373056.989906330360100,5690501.769734918139875,477,ChIJr6rjRNqxfkcR6MWYsM1pwTI,Coop,45.436490700000000,12.334380800000000,"2","6","8",0.250000000000000,0.750000000000000
ChIJrZkzKsqxfkcROfUnpmXBz5Y,Trattoria Anzolo Raffaele,0.920450000000000,"2",45.432126900000000,12.319237200000000,POINT (12.3192372 45.4321269),1371371.212065553292632,5689809.511498433537781,481,ChIJrZkzKsqxfkcROfUnpmXBz5Y,Trattoria Anzolo Raffaele,45.432126900000000,12.319237200000000,"2","6","8",0.250000000000000,0.750000000000000
ChIJs4f3kcuxfkcR2X7NorkQ1X0,CONAD CITY,0.737300000000000,"3",45.430660000000003,12.321510099999999,POINT (12.3215101 45.430659999999996),1371624.230136177269742,5689576.819543866440654,483,ChIJs4f3kcuxfkcR2X7NorkQ1X0,CONAD CITY,45.430660000000003,12.321510099999999,"3","5","8",0.375000000000000,0.625000000000000
ChIJs53k3cCxfkcReaJAc_adKKI,Euronet ATM (Venice Art Style),0.008600000000000,"3",45.442118399999998,12.323290099999999,POINT (12.3232901 45.4421184),1371822.378829789347947,5691394.607765870168805,485,ChIJs53k3cCxfkcReaJAc_adKKI,Euronet ATM (Venice Art Style),45.442118399999998,12.323290099999999,"3","3","6",0.500000000000000,0.500000000000000
ChIJs7sageuxfkcRrN5CiATrh_U,W.j nail,0.000000000000000,"1",45.435552600000001,12.325045299999999,POINT (12.3250453 45.4355526),1372017.766800029668957,5690352.948257627896965,487,ChIJs7sageuxfkcRrN5CiATrh_U,W.j nail,45.435552600000001,12.325045299999999,"1","7","8",0.125000000000000,0.875000000000000
ChIJscIFPw2xfkcRR-fz7lDMMnk,Rimani Venezia,0.807833333333333,"3",45.441205699999998,12.337477800000000,POINT (12.3374778 45.4412057),1373401.746369317173958,5691249.801304999738932,489,ChIJscIFPw2xfkcRR-fz7lDMMnk,Rimani Venezia,45.441205699999998,12.337477800000000,"3","5","8",0.375000000000000,0.625000000000000
ChIJtSHNxt6xfkcRFPVt-xZ9s4w,Trattoria - Pizzeria La Perla Venezia,0.563650000000000,"2",45.441219300000000,12.337267799999999,POINT (12.3372678 45.4412193),1373378.369276250246912,5691251.959026240743697,491,ChIJtSHNxt6xfkcRFPVt-xZ9s4w,Trattoria - Pizzeria La Perla Venezia,45.441219300000000,12.337267799999999,"2","6","8",0.250000000000000,0.750000000000000
ChIJtUq2I9exfkcRfGSjEE9peO4,BALENCIAGA,0.541100000000000,"1",45.433287800000002,12.336289100000000,POINT (12.3362891 45.433287799999995),1373269.420890611363575,5689993.667459231801331,492,ChIJtUq2I9exfkcRfGSjEE9peO4,BALENCIAGA,45.433287800000002,12.336289100000000,"1","7","8",0.125000000000000,0.875000000000000
ChIJt_1GUCGufkcRc3bL5dAtWsI,Pizzer¨?a Trattoria Alla Fonte,0.680266666666667,"3",45.434652000000000,12.347295600000001,POINT (12.347295599999999 45.434652),1374494.658866027370095,5690210.078159623779356,494,ChIJt_1GUCGufkcRc3bL5dAtWsI,Pizzer¨?a Trattoria Alla Fonte,45.434652000000000,12.347295600000001,"3","5","8",0.375000000000000,0.625000000000000
ChIJu9Vua9uxfkcRmWZCVM1S9ok,MODE HAIR ANDREA,0.653100000000000,"1",45.438772100000001,12.334283800000000,POINT (12.3342838 45.4387721),1373046.191915723495185,5690863.704500998370349,499,ChIJu9Vua9uxfkcRmWZCVM1S9ok,MODE HAIR ANDREA,45.438772100000001,12.334283800000000,"1","7","8",0.125000000000000,0.875000000000000
ChIJuQj3edmxfkcR2ecf0hiN8H8,Farini,0.921266666666667,"12",45.437525399999998,12.338250000000000,POINT (12.338249999999999 45.4375254),1373487.707280107541010,5690665.918838731944561,500,ChIJuQj3edmxfkcR2ecf0hiN8H8,Farini,45.437525399999998,12.338250000000000,"12","20","32",0.375000000000000,0.625000000000000
ChIJua6CaM-xfkcRvVH0un-7oyk,Trattoria Ca' Foscari al Canton,0.425700000000000,"2",45.435517900000001,12.326114300000000,POINT (12.326114299999999 45.4355179),1372136.767335687763989,5690347.443449238315225,503,ChIJua6CaM-xfkcRvVH0un-7oyk,Trattoria Ca' Foscari al Canton,45.435517900000001,12.326114300000000,"2","6","8",0.250000000000000,0.750000000000000
ChIJuypz9F-xfkcRkm6SYPQiX_M,Supermercato DESPAR San Marco,0.710650000000000,"2",45.435529600000002,12.333443900000001,POINT (12.333443899999999 45.435529599999995),1372952.694675405975431,5690349.299536990933120,504,ChIJuypz9F-xfkcRkm6SYPQiX_M,Supermercato DESPAR San Marco,45.435529600000002,12.333443900000001,"2","6","8",0.250000000000000,0.750000000000000
ChIJv7GupNexfkcR6wVcaJVlSH8,Caff¨¨ Gelateria Al Todaro Dal 1948,0.967450000000000,"4",45.433260900000001,12.339541300000000,POINT (12.339541299999999 45.4332609),1373631.454138569068164,5689989.400213891640306,508,ChIJv7GupNexfkcR6wVcaJVlSH8,Caff¨¨ Gelateria Al Todaro Dal 1948,45.433260900000001,12.339541300000000,"4","12","16",0.250000000000000,0.750000000000000
ChIJv9VITc-xfkcRNkZy5oCc8uI,Al Nono Risorto,0.878450000000000,"2",45.439705099999998,12.331341699999999,POINT (12.3313417 45.4397051),1372718.678841860266402,5691011.725345788523555,509,ChIJv9VITc-xfkcRNkZy5oCc8uI,Al Nono Risorto,45.439705099999998,12.331341699999999,"2","6","8",0.250000000000000,0.750000000000000
ChIJvWmzvnGxfkcRBx0hSMuy-go,Banca Monte dei Paschi di Siena S.p.A.,0.599400000000000,"1",45.440666000000000,12.322780500000000,POINT (12.322780499999999 45.440666),1371765.650417281081900,5691164.175095933489501,511,ChIJvWmzvnGxfkcRBx0hSMuy-go,Banca Monte dei Paschi di Siena S.p.A.,45.440666000000000,12.322780500000000,"1","7","8",0.125000000000000,0.875000000000000
ChIJvXixAQCxfkcRLiGhSFNDRyM,Trattoria DiGiorgio,0.944800000000000,"6",45.435848100000001,12.344260700000000,POINT (12.3442607 45.4358481),1374156.815343418624252,5690399.826518097892404,512,ChIJvXixAQCxfkcRLiGhSFNDRyM,Trattoria DiGiorgio,45.435848100000001,12.344260700000000,"6","10","16",0.375000000000000,0.625000000000000
ChIJw6N8XhSxfkcR5Bqhww9G0_w,OVS,0.000000000000000,"1",45.435686400000002,12.335668099999999,POINT (12.3356681 45.435686399999994),1373200.291486828355119,5690374.174322821199894,518,ChIJw6N8XhSxfkcR5Bqhww9G0_w,OVS,45.435686400000002,12.335668099999999,"1","6","7",0.142857142857143,0.857142857142857
ChIJw9zQZMexfkcRIeWOgVng8Lg,Relaxation & Coffee,-0.601366666666667,"6",45.441321500000001,12.321479699999999,POINT (12.3214797 45.4413215),1371620.846023657126352,5691268.173683376982808,519,ChIJw9zQZMexfkcRIeWOgVng8Lg,Relaxation & Coffee,45.441321500000001,12.321479699999999,"6","10","16",0.375000000000000,0.625000000000000
ChIJw_DAkAGufkcRHbnlLZg0csk,UniCredit,0.000000000000000,"1",45.435295300000000,12.324867299999999,POINT (12.3248673 45.4352953),1371997.951930668437853,5690312.130263241007924,521,ChIJw_DAkAGufkcRHbnlLZg0csk,UniCredit,45.435295300000000,12.324867299999999,"1","7","8",0.125000000000000,0.875000000000000
ChIJxVNyNb6xfkcRc70B6x_RYLY,Trattoria da'a Marisa,0.310833333333333,"3",45.445771499999999,12.320117000000000,POINT (12.320117 45.4457715),1371469.150953553151339,5691974.221974779851735,529,ChIJxVNyNb6xfkcRc70B6x_RYLY,Trattoria da'a Marisa,45.445771499999999,12.320117000000000,"3","5","8",0.375000000000000,0.625000000000000
ChIJxWpUq9mxfkcRLETYabXZfJs,Ristorante Da Carletto,0.973000000000000,"1",45.436682400000002,12.340108600000001,POINT (12.340108599999999 45.436682399999995),1373694.605685696005821,5690532.181591643020511,530,ChIJxWpUq9mxfkcRLETYabXZfJs,Ristorante Da Carletto,45.436682400000002,12.340108600000001,"1","7","8",0.125000000000000,0.875000000000000
ChIJxX_xlieufkcRctTNgMod7QM,Trattoria Da Giorgio,-0.836900000000000,"1",45.436306899999998,12.342358600000001,POINT (12.342358599999999 45.4363069),1373945.074539981083944,5690472.611254647374153,531,ChIJxX_xlieufkcRctTNgMod7QM,Trattoria Da Giorgio,45.436306899999998,12.342358600000001,"1","7","8",0.125000000000000,0.875000000000000
ChIJx_80JCaufkcRi7jqrdlen0c,Taverna Scalinetto - Ristorante,0.989700000000000,"2",45.434280200000003,12.346391900000000,POINT (12.346391899999999 45.434280199999996),1374394.059442197438329,5690151.096920900046825,533,ChIJx_80JCaufkcRi7jqrdlen0c,Taverna Scalinetto - Ristorante,45.434280200000003,12.346391900000000,"2","14","16",0.125000000000000,0.875000000000000
ChIJxbF0LdexfkcRB4C2pzsUF0o,VERSACE,0.950600000000000,"1",45.433244899999998,12.335667800000000,POINT (12.3356678 45.4332449),1373200.258090981282294,5689986.862076362594962,534,ChIJxbF0LdexfkcRB4C2pzsUF0o,VERSACE,45.433244899999998,12.335667800000000,"1","7","8",0.125000000000000,0.875000000000000
ChIJy9sBbyqxfkcROTisRbt6vEQ,Banca della Marca - Credito Cooperativo,0.000000000000000,"2",45.434913700000003,12.335784700000000,POINT (12.3357847 45.434913699999996),1373213.271339454920962,5690251.593697040341794,535,ChIJy9sBbyqxfkcROTisRbt6vEQ,Banca della Marca - Credito Cooperativo,45.434913700000003,12.335784700000000,"2","6","8",0.250000000000000,0.750000000000000
ChIJyTnRIgCxfkcR5E2Ye2yMCBM,Fusion Puppa,0.917500000000000,"1",45.439809500000003,12.340723600000000,POINT (12.340723599999999 45.439809499999996),1373763.067172534065321,5691028.288602229207754,536,ChIJyTnRIgCxfkcR5E2Ye2yMCBM,Fusion Puppa,45.439809500000003,12.340723600000000,"1","7","8",0.125000000000000,0.875000000000000
ChIJz3btdpWxfkcRjJxW1Kb3Bu4,Estetica Primavera,0.000000000000000,"2",45.445456800000002,12.320504000000000,POINT (12.320504 45.445456799999995),1371512.231596490135416,5691924.289044206030667,540,ChIJz3btdpWxfkcRjJxW1Kb3Bu4,Estetica Primavera,45.445456800000002,12.320504000000000,"2","6","8",0.250000000000000,0.750000000000000
ChIJz56n2y-vfkcR7Cq-ilchV-4,Osteria ai Schiavoni,-0.044500000000000,"2",45.433787500000001,12.346613100000001,POINT (12.346613099999999 45.4337875),1374418.683313560904935,5690072.937066841870546,541,ChIJz56n2y-vfkcR7Cq-ilchV-4,Osteria ai Schiavoni,45.433787500000001,12.346613100000001,"2","6","8",0.250000000000000,0.750000000000000
ChIJz5zERzqufkcRfL2aIhSYXoI,Poste Vecie,0.449666666666667,"6",45.439635699999997,12.333593100000000,POINT (12.3335931 45.4396357),1372969.303543432382867,5691000.714922161772847,542,ChIJz5zERzqufkcRfL2aIhSYXoI,Poste Vecie,45.439635699999997,12.333593100000000,"6","10","16",0.375000000000000,0.625000000000000
ChIJz93Vo8exfkcRjaZHHDKfs1Q,Zanze XVI,0.960300000000000,"1",45.438842700000002,12.321287399999999,POINT (12.3212874 45.438842699999995),1371599.439285577507690,5690874.905135275796056,543,ChIJz93Vo8exfkcRjaZHHDKfs1Q,Zanze XVI,45.438842700000002,12.321287399999999,"1","7","8",0.125000000000000,0.875000000000000
ChIJz9iqFrixfkcRK5g8t1KreiE,Supermercato Coop,0.824100000000000,"3",45.439554000000001,12.317910100000001,POINT (12.317910099999999 45.439554),1371223.479969321517274,5690987.753100754693151,544,ChIJz9iqFrixfkcRK5g8t1KreiE,Supermercato Coop,45.439554000000001,12.317910100000001,"3","5","8",0.375000000000000,0.625000000000000
ChIJzQCiNNuxfkcRJ2ZM6z6ySdM,Splendid Star San Marco Square and the Splendid Star Bridge of Sighs,0.271400000000000,"2",45.435530200000002,12.338492900000000,POINT (12.3384929 45.435530199999995),1373514.746784421615303,5690349.394720988348126,545,ChIJzQCiNNuxfkcRJ2ZM6z6ySdM,Splendid Star San Marco Square and the Splendid Star Bridge of Sighs,45.435530200000002,12.338492900000000,"2","14","16",0.125000000000000,0.875000000000000
