place_id,place_titl,avg_sentim,review_cou,lat,lng,x_3857,y_3857
ChIJfTGsbW-xfkcR9fcNaXdiXKc,Venice Duck Store - The Original,0.926671428571429,"7",45.437793800000001,12.337203700000000,1373371.233696890762076,5690708.499420719221234
ChIJeRPKr02xfkcRYceaOpL8S3Q,Nana Nail,0.656285714285714,"7",45.439033500000001,12.318357000000001,1371273.228649757103994,5690905.175474797375500
ChIJeV0fdCiufkcRzzKtRLEbs8c,chiosco snacks & drinks Schiavoni,0.464514285714286,"7",45.434144199999999,12.344021000000000,1374130.132061475655064,5690129.522385186515749
ChIJeVbUA8OxfkcR_zXK5uB8q5U,Claudio el Paruchier Venezia,0.254087500000000,"8",45.438429800000002,12.339647200000000,1373643.242872643982992,5690809.399074864573777
ChIJeWFfstCxfkcRjFUpqkCiYrc,Da Cherubino,0.930633333333333,"12",45.434426199999997,12.335807200000000,1373215.776027997955680,5690174.257877397350967
ChIJeWrf_4uxfkcR93RKXn-O9xQ,Trattoria La Divina Comida,0.892550000000000,"8",45.436154700000003,12.323886999999999,1371888.825433843769133,5690448.465947330929339
ChIJeas9zMCxfkcRcgmtWTXTArE,Banco BPM,0.145500000000000,"8",45.441565500000003,12.322769500000000,1371764.425902882358059,5691306.885899423621595
ChIJeyRsG9KxfkcR9jpSGhYrUP8,Parrucchiera Monica,-0.110585714285714,"7",45.430688500000002,12.329231300000000,1372483.750188489910215,5689581.340394776314497
ChIJf3vZsCeufkcR-hNEnaG0fRc,Trattoria da Denis,0.942271428571429,"7",45.435644300000000,12.345819900000000,1374330.384693463565782,5690367.495562949217856
ChIJe9TiZdexfkcRbBTs1D2xSYY,Alajmo S.p.A.,0.758850000000000,"8",45.434318699999999,12.338062400000000,1373466.823743634857237,5690157.204427583143115
ChIJfaN4FMSxfkcRL57fL05B6Zc,Stationary Store Venice Campo San Giacomo,0.254728571428571,"7",45.439750300000000,12.327576000000001,1372299.483035380486399,5691018.896407076157629
ChIJfamC--exfkcR10kgZDnauVU,Mercatino Solidale Parrocchia San Luca Venezia,0.306200000000000,"2",45.435697400000002,12.333653999999999,1372976.082900421693921,5690375.919367788359523
ChIJfar9bdyxfkcRvL1gqpQoMng,Volksbank Venezia Campo SS Apostoli (139),0.324962500000000,"8",45.440680299999997,12.336424200000000,1373284.460153817432001,5691166.443854667246342
ChIJg6tIFMexfkcRb_rD_8YtW_c,Top of the Carlton,0.670912500000000,"8",45.439976700000003,12.322059899999999,1371685.433592215413228,5691054.815260680392385
ChIJg76B-tqxfkcRMS0WgmN8htM,"Stefano e Claudia Parrucchieri - Hairdressing Salon, Hairdresser Venice, Parrucchiere Centro Storico",0.808266666666667,"6",45.437116500000002,12.333613500000000,1372971.574461044510826,5690601.048885374329984
ChIJg7gHLKKxfkcRE62kqE9c8pA,Al Grill,0.888550000000000,"8",45.433908000000002,12.335034100000000,1373129.714929665206000,5690092.052616581320763
ChIJcez3aGSxfkcRXq36muA9vrQ,USATA by MarcoPolo,0.120028571428571,"7",45.433863299999999,12.322911599999999,1371780.244402524083853,5690084.961615359410644
ChIJbzxYLdqxfkcRpSyITATpgE8,Da Mamo,0.599125000000000,"8",45.437316699999997,12.336866000000001,1373333.641104849521071,5690632.809561936184764
ChIJc2rTEACxfkcR_CzHFrzshtU,Moro Cafe,0.915260000000000,"20",45.431938400000000,12.329721200000000,1372538.285607029916719,5689779.609712216071784
ChIJc6MvKcmxfkcRpKCyOvpTLTw,Luca La Fenice Di Bernardini Luca & C. S.A.S.,-0.050087500000000,"8",45.433881800000002,12.322976000000001,1371787.413377731107175,5690087.896369099617004
ChIJc9NzZbixfkcRmGS9OZ2UW-4,Banca Popolare di Sondrio SpA,0.160287500000000,"8",45.438828200000003,12.318398200000001,1371277.815012777689844,5690872.604720576666296
ChIJc9YTJMKxfkcR2Z_SnKVPJRw,Banco BPM,0.000000000000000,"3",45.444031099999997,12.328965200000001,1372454.128071990329772,5691698.079063317738473
ChIJcZdwNwyvfkcRp1Vr837WVNM,Giardini Napoleonici,0.563733333333333,"6",45.430083000000003,12.355323900000000,1375388.365133963059634,5689485.292632192373276
ChIJd27KjdmxfkcRwotzoO-LGYE,Trattoria Al Gazzettino,0.637262500000000,"16",45.436421799999998,12.337749400000000,1373431.980743016581982,5690490.839259750209749
ChIJd2aNZACxfkcRtVL5bitIQoI,Leone D¡¯oro Ristorante,0.681712500000000,"8",45.435027200000000,12.338818399999999,1373550.981278674444184,5690269.599158105440438
ChIJd3NfSMmxfkcRYrIEdf2hvOg,Ristorante San Trovaso,0.923575000000000,"8",45.430427700000003,12.327225100000000,1372260.421026060590521,5689539.970728429965675
ChIJd9XzdQCxfkcRiCs-rbwACRY,ALAM STORE,0.464950000000000,"4",45.442382799999997,12.308479699999999,1370173.692643344635144,5691436.557177131995559
ChIJdQaKbtuxfkcRXCDnSwvWAZ0,Trattoria Rialto Novo,0.767990000000000,"10",45.438384999999997,12.334886500000000,1373113.284172824816778,5690802.291640608571470
ChIJd_w4JSaufkcRatSy85NfLA8,Caff¨¨ Girani Antica torrefazione veneziana,0.720675000000000,"8",45.434482899999999,12.346359500000000,1374390.452690695645288,5690183.252593780867755
ChIJidUtAcKxfkcRYXhGuTpGWO0,Camuffo Canareggio,0.000000000000000,"3",45.445247700000003,12.328891400000000,1372445.912693569669500,5691891.111645701341331
ChIJi5BemNyxfkcR-6Lr1t3TE7M,L¡¯Alcova,0.544450000000000,"8",45.440520300000003,12.334311899999999,1373049.319993415148929,5691141.059174341149628
ChIJi5xhTQCxfkcR-4D1rYMVGjY,Albero dell¡¯ombra,0.118714285714286,"7",45.437710000000003,12.330200000000000,1372591.585379221709445,5690695.204865549691021
ChIJiWB1GtixfkcRrDv1BlczvMk,Aciugheta,0.914360000000000,"5",45.435204700000000,12.341645099999999,1373865.648083300096914,5690297.757550875656307
ChIJiX8b2dmxfkcRgpIDGXBQ2qw,"Venice San Marco Apartment, San Marco Square (Town Center)",0.180312500000000,"8",45.435004200000002,12.338409199999999,1373505.429343041963875,5690265.950471439398825
ChIJiYRBbtexfkcRG_b_RJa70AI,Piazza San Marco,0.921900000000000,"8",45.434166800000000,12.338471699999999,1373512.386811216594651,5690133.107561783865094
ChIJi_7bSdyxfkcROSqa8RX66ww,Frutta e Verdura Eredi di Maccanin Marco SNC,0.018528571428571,"7",45.441593099999999,12.337797000000000,1373437.279550778213888,5691311.264832759276032
ChIJibDE4O-xfkcR8-JwSiAz0eA,Longchamp,0.402012500000000,"8",45.432753900000002,12.333828000000000,1372995.452491820091382,5689908.973330855369568
ChIJibJNcMWxfkcR3lM5iZm0ERA,Trattoria Da Ignazio,0.788350000000000,"8",45.436669799999997,12.328660800000000,1372420.242418992565945,5690530.182687088847160
ChIJic35_MaxfkcRvYl9zx4KzL0,Luggage Storage Venice,0.221157142857143,"7",45.439337500000001,12.323033499999999,1371793.814248451497406,5690953.405158042907715
ChIJi49FrNuxfkcRCg-gDTc2Dis,Trattoria alla Madonna,0.696150000000000,"6",45.438226200000003,12.334512800000001,1373071.684079115046188,5690777.098369996063411
ChIJifu7VNixfkcRqoEhCUtGJqY,Pasta & Pasta,0.853257142857143,"7",45.436514099999997,12.339658099999999,1373644.456255093449727,5690505.481974802911282
ChIJj6LBONexfkcR8DpFO3GL4T0,Louis Vuitton Venice,0.912512500000000,"8",45.433238299999999,12.336438200000000,1373286.018626688281074,5689985.815094844438136
ChIJj9J9y8OxfkcRaHG5jd1zpIU,Marilyn Studio Venice,0.829814285714286,"7",45.443235799999997,12.329146200000000,1372474.276899823918939,5691571.894552940502763
ChIJjQQpX9exfkcRyQQRzsZqTrc,Dal Corso Gilberto,0.000000000000000,"8",45.435590200000000,12.330363000000000,1372609.730456221150234,5690358.913125871680677
ChIJjZ7fALixfkcREd5FJl0ljOw,Trattoria Al Vinatier,0.412862500000000,"8",45.437199800000002,12.318931700000000,1371337.203961116028950,5690614.263978367671371
ChIJjZhi6cmxfkcRQTF2RBjLL_4,Park in Fondamenta de la Pescaria,0.000000000000000,"4",45.432425899999998,12.317680100000000,1371197.876486439025030,5689856.942122795619071
ChIJh99wf8-xfkcReHhAJO0x94g,Crai,-0.043916666666667,"6",45.435845999999998,12.327428500000000,1372283.063410488190129,5690399.493372233584523
ChIJgSMI-7exfkcR3B7nnpiROBM,Trattoria Alle Burchielle,0.939114285714286,"7",45.436901200000001,12.319554300000000,1371406.511476083891466,5690566.892799021676183
ChIJgYnCfgCxfkcRZX7_vG7ztBE,Santa Scolastica,0.000000000000000,"2",45.434240699999997,12.341187000000000,1373814.652624567504972,5690144.830782008357346
ChIJgZv3SACxfkcRKrmSRs2HXN8,Patria de la campana,0.777300000000000,"1",45.436043200000000,12.335748600000001,1373209.252705837367103,5690430.777409384027123
ChIJg_bgvS-ufkcRs6s7NP-hKCM,Tratoria-Pizzeria Sottoprova,0.483357142857143,"7",45.432145599999998,12.351546200000000,1374967.833493593148887,5689812.477887974120677
ChIJga9kl8GxfkcRkB8KbQd52B8,OVS,0.349562500000000,"8",45.443758699999997,12.326452800000000,1372174.448983321199194,5691654.859121253713965
ChIJgba9G9KxfkcROZAGilD2dxM,Trattoria ai Cugnai dal 1911,0.952185714285714,"14",45.430663199999998,12.329396200000000,1372502.106772522209212,5689577.327148064039648
ChIJgdJEZZWxfkcROxJdN-UdpCo,Parrucchiera Stefania Di Fassan Stefania,0.236028571428571,"7",45.447038900000003,12.320511399999999,1371513.055360721889883,5692175.321064924821258
ChIJgxfQEduxfkcRGbPbDICznyY,Caff¨¨ del Doge,0.930650000000000,"16",45.438314900000002,12.334282600000000,1373046.058332334505394,5690791.170421100221574
ChIJh42nfdexfkcRyfkhs18FD4c,Exchange,0.076000000000000,"7",45.433567400000001,12.337138299999999,1373363.953402192564681,5690038.021549822762609
ChIJh9CBjpyxfkcRf5WvJtEtY9U,Stappo-Enoteca con cucina,0.930625000000000,"8",45.439461299999998,12.330141700000000,1372585.095452908892184,5690973.046136399731040
ChIJhSZVCa-xfkcR0KFbF_0upy4,Il Papiro,0.562575000000000,"8",45.433074400000002,12.331275200000000,1372711.276095722801983,5689959.815093027427793
ChIJhTSAZySxfkcRHakuwVHiGE8,Fried rice,0.636900000000000,"1",45.435415700000000,12.336676700000000,1373312.568325242726132,5690331.230459756217897
ChIJhVYdEgCxfkcRAHD-FvyImio,Venezia Unica Ticket Office,-0.191100000000000,"8",45.438523400000001,12.318694400000000,1371310.787845950806513,5690824.248553930781782
ChIJhWVIsHWxfkcREm-g9DIB9Us,Doner & Kebap,0.795712500000000,"8",45.437779900000002,12.342150000000000,1373921.853294201428071,5690706.294236574321985
ChIJhXOXcD6vfkcRMy5-K3G7Ea4,Coop Querini CASTELLO,0.853750000000000,"4",45.439722699999997,12.345893100000000,1374338.533280189614743,5691014.517616758123040
ChIJhYBZl9GxfkcRF77Kkmcaz0U,The Gritti Epicurean School,0.211220000000000,"5",45.431736399999998,12.333430900000000,1372951.247522025601938,5689747.566529618576169
ChIJXTj9C7GxfkcRsouKL3c4ZJM,Captain Candy,0.641537500000000,"8",45.439020800000002,12.337162700000000,1373366.669597768224776,5690903.160621976479888
ChIJXUpLbMCxfkcRDSf1COb5978,Ristorante Casa Bonita,0.759837500000000,"8",45.444667299999999,12.322881400000000,1371776.882553901989013,5691799.021605786867440
ChIJXVfGHACxfkcRZMDpSM-xppo,Trattoria Ai Botteri,0.946333333333333,"6",45.439572400000003,12.332825200000000,1372883.821306452155113,5690990.672285333275795
ChIJXximjS-xfkcRYzL-q5sK2Uc,e???e??1 Nails Venezia e???e??1,0.457514285714286,"7",45.441000199999998,12.336540599999999,1373297.417742545483634,5691217.197565740905702
ChIJY8vTmtexfkcRLBIbtGmblos,Carta Gate,0.256537500000000,"8",45.434246500000000,12.339820100000001,1373662.490012602182105,5690145.750873013399541
ChIJYQuk5MOxfkcR5OlqXel1QnM,Pizzeria fantasia,0.613640000000000,"5",45.436262999999997,12.320110000000000,1371468.371717117493972,5690465.646865631453693
ChIJYZreoU6xfkcRDILYqsnVE48,Yupi! Store Venezia | Abbigliamento Uomo/Donna | Accessori | Scarpe | Dr.Martens,0.000000000000000,"1",45.436161900000002,12.335172900000000,1373145.166074987500906,5690449.608168022707105
ChIJX7vZ0dCxfkcRZFQ1YBvA6iM,FENDI Venice Store,0.253487500000000,"8",45.433447399999999,12.337010200000000,1373349.693375422153622,5690018.985432522371411
ChIJYfL9Q9uxfkcR5jBQly5ZGh4,Jungle Candy,0.630650000000000,"8",45.437512800000000,12.338362300000000,1373500.208458923501894,5690663.919904316775501
ChIJZ3MTxtmxfkcRBj8O024av2I,Fonderia Artistica Valese,0.675416666666667,"6",45.435308700000000,12.338069900000001,1373467.658639816101640,5690314.256030606105924
ChIJZ5wDtMGxfkcR7AqGm21ZwYI,Gam Gam Goodies,0.648581818181818,"11",45.444405099999997,12.325367300000000,1372053.611676065251231,5691757.419558682478964
ChIJZVKC3e-xfkcRX41yN-IsSrU,POKE a pu¨¤,0.816416666666667,"6",45.435431899999998,12.335285400000000,1373157.689517701510340,5690333.800422861240804
ChIJZeQ1un2xfkcRNH4qPvwAiZs,Bialetti,0.234125000000000,"8",45.436485800000000,12.335777000000000,1373212.414179376093671,5690500.992385734803975
ChIJZxKM0fexfkcRM4GhYMtPqz8,12oz,0.520320000000000,"10",45.441081500000003,12.334365699999999,1373055.308982019079849,5691230.096257150173187
ChIJVzGQxtmxfkcRbg_LzLMnH9k,Ristorante Il Piacere,0.625087500000000,"8",45.433061700000003,12.324747900000000,1371984.660383467795327,5689957.800452966243029
ChIJW17o1M6xfkcRZXpignb2aWE,Ristorante Dallo Zio Santa Margherita,0.963771428571429,"7",45.433836700000001,12.323783900000000,1371877.348394343163818,5690080.741917075589299
ChIJW5Is2tmxfkcRVox5WQxcXSw,UniCredit,-0.228450000000000,"6",45.434954300000001,12.338674599999999,1373534.973535898374394,5690258.034412873908877
ChIJW9rQENqxfkcRN7vDMpQjRMQ,Allianz Venezia Centro Storico,0.090857142857143,"7",45.435958800000002,12.335873100000001,1373223.111982441274449,5690417.388081926852465
ChIJ05J5-ieufkcRxTO77QN6HlQ,SEGRETI DI BELLEZZA beauty & home å¨å°¼æ¯è¾èæ­,0.341887500000000,"8",45.435102399999998,12.336282600000001,1373268.697313920827582,5690281.528787496499717
ChIJZxPIEduxfkcR0GaNDlqjJCU,Chocolate,0.000000000000000,"1",45.438484299999999,12.333989300000001,1373013.408325684955344,5690818.045403162948787
ChIJWXlR0tmxfkcRRBi2DNs71dY,Ristorante Sempione,0.750262500000000,"8",45.436153300000001,12.337791100000000,1373436.622765782754868,5690448.243848878890276
ChIJWdZxAOqxfkcRUkF0JflPDf4,Al Timon,0.711725000000000,"8",45.445554500000000,12.328417900000000,1372393.202914678957313,5691939.790912441909313
ChIJWzojACKxfkcR79yf8qX4UZs,Trattoria e Pizzeira,0.132212500000000,"8",45.432722200000001,12.330277199999999,1372600.179243911057711,5689903.944691753946245
ChIJX4hnY9CxfkcRiGfArd9Vck8,Effe Camicie - Venice Ties,0.000000000000000,"1",45.434644700000000,12.330735199999999,1372651.163570694159716,5690208.920105742290616
ChIJaRylF92xfkcRhnBbKdBPPOI,Vini da Gigio,0.925300000000000,"7",45.441986200000002,12.333755800000000,1372987.415224584285170,5691373.633133964613080
ChIJaSb0QtuxfkcRhcjNEiAIlYM,Trattoria Antica Torre,0.834657142857143,"7",45.439151600000002,12.333544399999999,1372963.882284230785444,5690923.912041272968054
ChIJaTrFFtqxfkcRMOOvoNuWdxk,Ostaria A La Campana,0.955212500000000,"8",45.436111099999998,12.335833299999999,1373218.681466707494110,5690441.549169586040080
ChIJaY6LaNKxfkcRCS3ILBTAWWs,La Bottega Del Gusto Snc,0.466733333333333,"6",45.435903300000000,12.325163800000000,1372030.958159688627347,5690408.583499548956752
ChIJaZQ3PdKxfkcR3_ghz6eSwCk,Ristorante Cantinone Storico,0.930725000000000,"8",45.430428900000003,12.329869900000000,1372554.838815310969949,5689540.161079217679799
ChIJabgg9sWxfkcRuMtUubUcDHk,Parrucchiere New Jolly Style - San Polo,0.655000000000000,"6",45.436264399999999,12.325611100000000,1372080.751367920311168,5690465.868964512832463
ChIJacRQuieufkcRX1B3z1zJAhY,Trattoria da Remigio,0.884642857142857,"7",45.435654800000002,12.345063800000000,1374246.216026474721730,5690369.161286441609263
ChIJaQ4b4yWufkcRBD__9QvA8c4,Trattoria Al Vecio Portal Laguna e Oltre,0.951700000000000,"5",45.434118499999997,12.347843900000001,1374555.695342829218134,5690125.445438323542476
ChIJb-uRbACvfkcRO4K-Wdti2eQ,Bacarandino Bistrot,0.916785714285714,"7",45.435086599999998,12.347533800000001,1374521.175168734509498,5690279.022294896654785
ChIJb4LguAyxfkcRhiTvzUXREog,CLEOR Compro Oro Venezia,0.297562500000000,"8",45.439397900000003,12.334361200000000,1373054.808044310892001,5690962.987665525637567
ChIJb5hxy8CxfkcRYIUXpzH0LTI,Trattoria Alle Lance,0.948425000000000,"8",45.441774400000000,12.322261200000000,1371707.842205712106079,5691340.029401022940874
ChIJb6_r1tCxfkcRxSO4Rg2v_Q8,BVLGARI Venice Store,0.299542857142857,"7",45.433357299999997,12.336531300000001,1373296.382471281103790,5690004.692507720552385
ChIJb7t-a8-xfkcRXPD2HxP6ztQ,La Casa Di Loto,0.732271428571429,"7",45.435390400000003,12.326045199999999,1372129.075158873805776,5690327.216876875609159
ChIJbU3sdpWxfkcRA5YX6LhhAZ8,Trattoria da Mimmo,0.905957142857143,"14",45.443815899999997,12.327565500000000,1372298.314180726883933,5691663.934657122939825
ChIJ__-_sdGxfkcR0tDfgMv0WTU,Campo San Maurizio,0.531712500000000,"8",45.432732199999997,12.331586000000000,1372745.874193460913375,5689905.531012931838632
ChIJZydQ242xfkcREpJswiRVc64,Roger Vivier,0.625075000000000,"4",45.432765600000003,12.334064800000000,1373021.812947239493951,5689910.829327703453600
ChIJ_1sIlcaxfkcRoCg9GfYmL6o,Conad,0.656175000000000,"4",45.439881300000003,12.324616799999999,1371970.066398224560544,5691039.679825115948915
ChIJ_QT-pA2xfkcRdVgAGpAIgwU,Tocco di Gio',0.239485714285714,"7",45.439062100000001,12.323397800000000,1371834.367938947863877,5690909.712861556559801
ChIJ_Qc7CUKvfkcRG_u6p4XTkxY,Trattoria Dai Fioi (Venezia Biennale),0.947425000000000,"12",45.431212299999999,12.356652100000000,1375536.219681634567678,5689664.429282234050333
ChIJ_SHMd9exfkcRp_etSad61x8,Credem Banca,0.004300000000000,"6",45.435716200000002,12.334493999999999,1373069.591272688005120,5690378.901809066534042
ChIJ_UuIyGuxfkcR6ACizrTk2-4,Crai,-0.114271428571428,"7",45.431075700000001,12.328778099999999,1372433.300195262767375,5689642.760742792859674
ChIJjZjunYSxfkcRaFJoBGFHDFY,Claudia Cavei,0.278242857142857,"7",45.441116200000003,12.325893300000001,1372112.165728222345933,5691235.601608343422413
ChIJ_____y-7fkcRjp7YvX0KzIg,Swarovski Store Venezia,0.444728571428571,"7",45.437159700000002,12.336598400000000,1373303.852009113412350,5690607.902328524738550
ChIJ__n6NtexfkcR07WqlXS5enA,San Marco square suite,0.361257142857143,"7",45.433680199999998,12.336390600000000,1373280.719818926416337,5690055.915536990389228
ChIJ_auU4sKxfkcRsgT7YcfTqE4,Osteria Al Cantinon,0.913437500000000,"8",45.442850800000002,12.331444299999999,1372730.100221615750343,5691510.810020934790373
ChIJa1J6rDKwfkcR2DMFoo4iV7o,Trattoria Pizzer¨ªa Do Mori,0.951987500000000,"8",45.426579900000000,12.325692300000000,1372089.790510572958738,5688929.631737732328475
ChIJa3syud6xfkcRAPCJ-xKG_VM,INVIDIA,0.065837500000000,"8",45.440232000000002,12.339835000000001,1373664.148673014948145,5691095.319335192441940
ChIJuSAtCNqxfkcRpTezs40jXWI,Parrucchiere - Hairstylist - Nails - Solarium Monika&Umberto.1962 Salon Venezia,0.692387500000000,"8",45.436832000000003,12.336865299999999,1373333.563181205885485,5690555.914651237428188
ChIJt_1GUCGufkcRc3bL5dAtWsI,Pizzer¨ªa Trattoria Alla Fonte,0.923220000000000,"5",45.434652000000000,12.347295600000001,1374494.658866027370095,5690210.078159623779356
ChIJtd7LYQCxfkcR4NzDrdjXkeo,Parco di Palazzo Savorgnan,0.793400000000000,"1",45.443548200000002,12.324322300000000,1371937.282808186486363,5691621.460593842901289
ChIJtxXtNNuxfkcR2n8eYxfkZzg,Alda & Ketty s.n.c.,0.394262500000000,"8",45.439463099999998,12.332311000000001,1372826.580824286444113,5690973.331708293408155
ChIJu1VzSjqvfkcRHybCrUjzrNY,Trattoria del Local,0.904680000000000,"5",45.435653899999998,12.345125700000001,1374253.106702954974025,5690369.018510130234063
ChIJu96Q0dqxfkcRl9cU_hilIs0,Play the game,0.272237500000000,"8",45.437452499999999,12.331753700000000,1372764.542472067289054,5690654.353581507690251
ChIJu9Vua9uxfkcRmWZCVM1S9ok,MODE HAIR ANDREA,0.090957142857143,"7",45.438772100000001,12.334283800000000,1373046.191915723495185,5690863.704500998370349
ChIJuQj3edmxfkcR2ecf0hiN8H8,Farini,0.592240000000000,"20",45.437525399999998,12.338250000000000,1373487.707280107541010,5690665.918838731944561
ChIJtXFloMixfkcRLNjYbbAKN7E,Antico Gafaro,0.948850000000000,"8",45.436538800000001,12.323204300000000,1371812.827617479255423,5690509.400451908819377
ChIJuSRmfDaxfkcRfjXyvsdQCL4,Ristorante Due Fratelli,0.558557142857143,"7",45.444141999999999,12.328731899999999,1372428.157234787940979,5691715.674907142296433
ChIJua6CaM-xfkcRvVH0un-7oyk,Trattoria Ca' Foscari al Canton,0.508550000000000,"6",45.435517900000001,12.326114300000000,1372136.767335687763989,5690347.443449238315225
ChIJuypz9F-xfkcRkm6SYPQiX_M,Supermercato DESPAR San Marco,0.674833333333333,"6",45.435529600000002,12.333443900000001,1372952.694675405975431,5690349.299536990933120
ChIJuzz2ow2xfkcRc0RZ-dtPHgY,Postamat,0.076737500000000,"8",45.433694000000003,12.336922599999999,1373339.941788028692827,5690058.104697450995445
ChIJv-mp6M-xfkcRzhId0H8OqQk,Al Ponte Del Lovo,0.266350000000000,"8",45.436557999999998,12.335864400000000,1373222.143502871273085,5690512.446394810453057
ChIJv7GupNexfkcR6wVcaJVlSH8,Caff¨¨ Gelateria Al Todaro Dal 1948,0.118650000000000,"12",45.433260900000001,12.339541300000000,1373631.454138569068164,5689989.400213891640306
ChIJv9VITc-xfkcRNkZy5oCc8uI,Al Nono Risorto,0.658833333333333,"6",45.439705099999998,12.331341699999999,1372718.678841860499233,5691011.725345788523555
ChIJvVNKzg_pgUcRKMGxs8Hd3F4,Football.Store,0.414925000000000,"8",45.436259399999997,12.323608699999999,1371857.845219556009397,5690465.075754242017865
ChIJvWmzvnGxfkcRBx0hSMuy-go,Banca Monte dei Paschi di Siena S.p.A.,0.112857142857143,"7",45.440666000000000,12.322780500000000,1371765.650417281081900,5691164.175095933489501
ChIJr6rjRNqxfkcR6MWYsM1pwTI,Coop,0.709316666666667,"6",45.436490700000000,12.334380800000000,1373056.989906330360100,5690501.769734918139875
ChIJr7SaeXKxfkcRrTU-ClKhtgg,Trattoria Alla Terrazza,0.589200000000000,"8",45.438828800000003,12.326313200000000,1372158.908782406477258,5690872.699910138733685
ChIJrSACbbKxfkcRL_eTzu1yb7g,R-Store Venezia | Rivenditore Autorizzato Apple e Centro Assistenza Autorizzato Apple,0.850028571428571,"7",45.443537999999997,12.330191400000000,1372590.628031600965187,5691619.842236060649157
ChIJrYJRbwCxfkcRaffYOmjwm9c,"Banchetto frutta e verdura ""di Thomas""",0.000000000000000,"2",45.437326400000003,12.341162900000000,1373811.969824839383364,5690634.348418757319450
ChIJrZkzKsqxfkcROfUnpmXBz5Y,Trattoria Anzolo Raffaele,0.961016666666667,"6",45.432126900000000,12.319237200000000,1371371.212065553292632,5689809.511498433537781
ChIJs4f3kcuxfkcR2X7NorkQ1X0,CONAD CITY,0.511140000000000,"5",45.430660000000003,12.321510099999999,1371624.230136177269742,5689576.819543866440654
ChIJs4vnNtqxfkcRQTN59YJWKE8,Banca d'Italia,0.293025000000000,"4",45.437103000000000,12.335843600000000,1373219.828057462815195,5690598.907185466028750
ChIJs53k3cCxfkcReaJAc_adKKI,Euronet ATM (Venice Art Style),-0.085666666666667,"3",45.442118399999998,12.323290099999999,1371822.378829789115116,5691394.607765870168805
ChIJvXixAQCxfkcRLiGhSFNDRyM,Trattoria DiGiorgio,0.879300000000000,"10",45.435848100000001,12.344260700000000,1374156.815343418624252,5690399.826518097892404
ChIJs7sageuxfkcRrN5CiATrh_U,W.j nail,0.040171428571428,"7",45.435552600000001,12.325045299999999,1372017.766800029668957,5690352.948257627896965
ChIJsShiVLOxfkcRgrolFYVl4Mg,Muschieri Venezia flagship store,0.896825000000000,"8",45.435067600000004,12.341046000000000,1373798.956576365511864,5690276.008159154094756
ChIJscIFPw2xfkcRR-fz7lDMMnk,Rimani Venezia,0.762700000000000,"5",45.441205699999998,12.337477800000000,1373401.746369317173958,5691249.801304999738932
ChIJtRsV2NCxfkcR010nUbkQ7xs,Moncler Venezia,0.722583333333333,"6",45.433115899999997,12.335387000000001,1373168.999577966285869,5689966.398368838243186
ChIJtSHNxt6xfkcRFPVt-xZ9s4w,Trattoria - Pizzeria La Perla Venezia,0.605183333333333,"6",45.441219300000000,12.337267799999999,1373378.369276250246912,5691251.959026240743697
ChIJtUq2I9exfkcRfGSjEE9peO4,BALENCIAGA,0.591200000000000,"7",45.433287800000002,12.336289100000000,1373269.420890611363575,5689993.667459231801331
ChIJ03wUaMaxfkcR8U1wvAXc-cs,Trattoria Pizzeria San Toma',0.974340000000000,"5",45.436024400000001,12.327000099999999,1372235.374140632338822,5690427.794950823299587
ChIJxVNyNb6xfkcRc70B6x_RYLY,Trattoria da'a Marisa,0.276160000000000,"5",45.445771499999999,12.320117000000000,1371469.150953553151339,5691974.221974779851735
ChIJxWpUq9mxfkcRLETYabXZfJs,Ristorante Da Carletto,0.949728571428571,"7",45.436682400000002,12.340108600000001,1373694.605685696005821,5690532.181591643020511
ChIJxX_xlieufkcRctTNgMod7QM,Trattoria Da Giorgio,0.680942857142857,"7",45.436306899999998,12.342358600000001,1373945.074539981083944,5690472.611254647374153
ChIJxZv5GMuxfkcRnBxP7SpYe7I,Studio in San Marco square,-0.271550000000000,"2",45.435034600000002,12.341209400000000,1373817.146181161282584,5690270.773083698004484
ChIJx_80JCaufkcRi7jqrdlen0c,Taverna Scalinetto - Ristorante,0.956135714285714,"14",45.434280200000003,12.346391900000000,1374394.059442197438329,5690151.096920900046825
ChIJxbF0LdexfkcRB4C2pzsUF0o,VERSACE,0.629728571428571,"7",45.433244899999998,12.335667800000000,1373200.258090981282294,5689986.862076364457607
ChIJy9sBbyqxfkcROTisRbt6vEQ,Banca della Marca - Credito Cooperativo,0.115133333333333,"6",45.434913700000003,12.335784700000000,1373213.271339454920962,5690251.593697040341794
ChIJyTnRIgCxfkcR5E2Ye2yMCBM,Fusion Puppa,0.676985714285714,"7",45.439809500000003,12.340723600000000,1373763.067172534065321,5691028.288602229207754
ChIJxSj17NCxfkcRsR-YWhuJr3s,Osteria Bancogiro,0.897737500000000,"8",45.438716100000001,12.335452900000000,1373176.335532409837469,5690854.820155166089535
ChIJz3btdpWxfkcRjJxW1Kb3Bu4,Estetica Primavera,-0.019500000000000,"6",45.445456800000002,12.320504000000000,1371512.231596489902586,5691924.289044206030667
ChIJz56n2y-vfkcR7Cq-ilchV-4,Osteria ai Schiavoni,-0.086166666666667,"6",45.433787500000001,12.346613100000001,1374418.683313560904935,5690072.937066841870546
ChIJz5zERzqufkcRfL2aIhSYXoI,Poste Vecie,0.948960000000000,"10",45.439635699999997,12.333593100000000,1372969.303543432382867,5691000.714922161772847
ChIJz93Vo8exfkcRjaZHHDKfs1Q,Zanze XVI,0.869428571428571,"7",45.438842700000002,12.321287399999999,1371599.439285577507690,5690874.905135275796056
ChIJz9iqFrixfkcRK5g8t1KreiE,Supermercato Coop,0.518160000000000,"5",45.439554000000001,12.317910100000001,1371223.479969321517274,5690987.753100754693151
ChIJzQCiNNuxfkcRJ2ZM6z6ySdM,Splendid Star San Marco Square and the Splendid Star Bridge of Sighs,0.453114285714286,"14",45.435530200000002,12.338492900000000,1373514.746784421615303,5690349.394720988348126
ChIJzd8MM8-xfkcRFb6YXUV-TrU,Osteria Do Torri,0.935187500000000,"8",45.434613700000000,12.324164600000000,1371919.727724487660453,5690204.002344352193177
ChIJycDbDC6xfkcRufkQ1BtnGBo,Parrucchiere New Jolly Style (S. Marco),0.528112500000000,"8",45.436391399999998,12.334542500000000,1373074.990267991553992,5690486.016528940759599
ChIJvaxBqrixfkcR-xYpFYe_oHY,Flying Tiger Copenhagen,0.392937500000000,"8",45.440929599999997,12.320927500000000,1371559.375400841236115,5691205.996503164991736
ChIJvwqUPC2vfkcRzY-C6CQzj08,Frutta e verdura,-0.021183333333333,"6",45.426901800000003,12.361380000000000,1376062.527102156076580,5688980.690000893548131
ChIJw2lDew2xfkcR-0navO9PXeI,Bacaro Risorto Cannaregio,0.859557142857143,"7",45.440404299999997,12.337121300000000,1373362.060970849357545,5691122.655326117761433
ChIJw6N8XhSxfkcR5Bqhww9G0_w,OVS,0.041000000000000,"6",45.435686400000002,12.335668099999999,1373200.291486828355119,5690374.174322821199894
ChIJw9zQZMexfkcRIeWOgVng8Lg,Relaxation & Coffee,0.895200000000000,"10",45.441321500000001,12.321479699999999,1371620.846023657126352,5691268.173683376982808
ChIJr46aRdexfkcRAKuGmkazWWE,CrÃ©dit Agricole Italia,-0.034471428571429,"7",45.435782000000003,12.334505999999999,1373070.927106577437371,5690389.340361363254488
ChIJwYVjMOWvfkcRQw-vFzvW4sY,Banca Mediolanum | Ufficio dei Consulenti Finanziari,0.170000000000000,"2",45.438463100000000,12.338974199999999,1373568.324855339946225,5690814.682059785351157
ChIJw_DAkAGufkcRHbnlLZg0csk,UniCredit,0.000000000000000,"7",45.435295300000000,12.324867299999999,1371997.951930668437853,5690312.130263241007924
ChIJwbEhVNexfkcR39GWqvYqRaQ,BNL,-0.050575000000000,"4",45.434764399999999,12.336495400000000,1373292.386101561831310,5690227.909035562537611
ChIJwbj2QzexfkcRXZphggpJEMw,Salone Dalla Bella a?? Venezia,0.845775000000000,"8",45.436723000000001,12.338716000000000,1373539.582162817241624,5690538.622509350068867
ChIJx46UB9yxfkcRj7gPA7J6pWU,Osteria da Alex,0.784387500000000,"16",45.439726000000000,12.337812899999999,1373439.049530681921169,5691015.041167660616338
ChIJxQaTrIexfkcRDDHNF4pbCN8,Fabris Ricami,0.018500000000000,"6",45.436025299999997,12.337672000000000,1373423.364614429185167,5690427.937728073447943
ChIJl9478tCxfkcRczwcxNeyI9E,Luca La Fenice Di Bernardini Luca & C.,0.333400000000000,"6",45.434351800000002,12.334162100000000,1373032.644333693897352,5690162.455300298519433
ChIJlSJN4ZmxfkcRkG0vxm3qe2E,Dolce Vita Venezia,0.900225000000000,"8",45.435903699999997,12.325444100000000,1372062.161012958269566,5690408.646955967880785
ChIJlTjWubqxfkcR4vm8a41PlKg,Prodotti tipici Eredi di Scarpa Franco s.a.s,0.763337500000000,"8",45.432643800000001,12.332397300000000,1372836.187696341890842,5689891.507943457923830
ChIJlWHWBtyxfkcRqijQhh9K53Y,Trattoria Tre Spiedi,0.964715384615385,"13",45.439679900000002,12.337455500000001,1373399.263944672653452,5691007.727322963997722
ChIJlYIMP8KxfkcRHcslK4IM_JU,Despar Teatro Italia,0.774325000000000,"8",45.444076899999999,12.329495900000000,1372513.205325753893703,5691705.345872895792127
ChIJlZsR09mxfkcRMouI1NBKwiM,Ristorante Marciana,0.570137500000000,"8",45.435138199999997,12.339393500000000,1373615.001117829699069,5690287.208058138377964
ChIJm8B2RGqxfkcRA2kb1NqlzH0,Euronet ATM,-0.041066666666667,"6",45.440500399999998,12.325075999999999,1372021.184308397118002,5691137.901959759183228
ChIJmQGzMdCxfkcRtibrWd0o3ak,Nonno Bepi,0.645120000000000,"5",45.433763999999996,12.330545300000001,1372630.023999392753467,5690069.209142811596394
ChIJmR3s1I6xfkcRKrw-i_18E2A,LiÃ² Concept Store - Fabbricante Ottico s.r.l.,0.260540000000000,"5",45.436489100000003,12.335671400000001,1373200.658841148484498,5690501.515906606800854
ChIJmyhBZNyxfkcRwajuYZtXgOo,Trattoria Pizzeria Casa Mia,0.901950000000000,"6",45.440683900000003,12.336346600000001,1373275.821761331753805,5691167.015010803006589
ChIJmzP-dgCxfkcRAkXgvX7wi4c,Animal House Pet Store,0.685725000000000,"8",45.441021499999998,12.336620999999999,1373306.367829605238512,5691220.576925899833441
ChIJn-W51NmxfkcRNc89FDreM28,Ristorante Trattoria Sempione,0.551116666666667,"6",45.434957500000003,12.339451900000000,1373621.502176092006266,5690258.542055698111653
ChIJjfZZCduxfkcRQQa1htt5Bos,Caff¨¨ Vergnano 1882,0.808780000000000,"20",45.438690100000002,12.335534000000001,1373185.363543113227934,5690850.695283312350512
ChIJk0f4HcGxfkcRIq1C1uUCbKY,Forexchange Lista di Spagna,-0.305200000000000,"8",45.442694899999999,12.324293800000000,1371934.110202698502690,5691486.074870576150715
ChIJk5Mhw8CxfkcRvu6iZx2GRUs,ATM,-0.553633333333333,"3",45.437179200000003,12.330368800000000,1372610.376109267817810,5690610.995898332446814
ChIJk6c3ZACxfkcRp7rWdKSxBCs,ATM,-0.309728571428571,"7",45.434776800000002,12.332987500000000,1372901.888459807960317,5690229.876145047135651
ChIJk6wEa8KxfkcRl1BLpKYLM7A,Venezia FC Store | SS Apostoli,0.339262500000000,"8",45.440423500000001,12.336479900000000,1373290.660649454453960,5691125.701477693393826
ChIJkQ4Rx9uxfkcRI2T64nfpw_U,VERSACE T Galleria Veneice Store,0.155887500000000,"8",45.438211799999998,12.336408799999999,1373282.745833658846095,5690774.813845183700323
ChIJn1BnVCGufkcRQ936zEj4iJI,Intesa Sanpaolo S.p.A.,-0.044937500000000,"8",45.431764700000002,12.351791800000001,1374995.173560532042757,5689752.055740866810083
ChIJkSzmv1-1fkcRzmA8nlIfujA,Five Guys Santa Lucia Station,0.369500000000000,"8",45.441719700000000,12.321075300000000,1371575.828421580372378,5691331.350837044417858
ChIJkTNffsCxfkcR91etjysvsMQ,Ricci & Capricci,0.200075000000000,"8",45.443508100000003,12.321403600000000,1371612.374610407743603,5691615.098228168673813
ChIJkTQIMdmxfkcReu3Dix8pCSk,Trattoria Dai Peochi,-0.456800000000000,"2",45.442782100000002,12.332079700000000,1372800.832626065704972,5691499.910045675933361
ChIJka7tdpWxfkcRRJDdiS3-sYk,Torrefazione Cannaregio,0.942675000000000,"8",45.445728400000000,12.327885000000000,1372333.880758035229519,5691967.383352316915989
ChIJkdLDIkOxfkcRn6QauoU8Qg4,Spicy Puppa,0.912316666666667,"6",45.440637799999998,12.337097600000000,1373359.422698917565867,5691159.701041934080422
ChIJkdPdzNGxfkcR6jGx-foE_UE,Campo Santo Stefano,0.831342857142857,"7",45.433329200000003,12.330539099999999,1372629.333818549755961,5690000.234896553680301
ChIJkf4YWuqxfkcRY8GO-t1nw84,Maccorp Italiana Spa,0.340000000000000,"1",45.445971600000000,12.320648400000000,1371528.306130960816517,5692005.971657012589276
ChIJkyUz19CxfkcR9G_HOYw1fu4,Lamanna Venice Apartment near St. Mark's Square,-0.492450000000000,"2",45.433931100000002,12.332786400000000,1372879.502110209548846,5690095.717095923610032
ChIJpwcaStixfkcRuZ-9z9F_CF8,Palazzo Soranzo,0.209625000000000,"8",45.437809100000003,12.330341600000001,1372607.348219118081033,5690710.926710370928049
ChIJpwifHtCxfkcR5WrUIZoix5s,Alimentari De Rossi Paolo,0.714100000000000,"6",45.434439300000001,12.329818899999999,1372549.161521280417219,5690176.336020944640040
ChIJpzPuZFaxfkcRaMv5GutoGpo,Carmagnola Head,0.266033333333333,"6",45.434202700000000,12.339428099999999,1373618.852772210957482,5690138.802601896226406
ChIJq6UHkjSxfkcRlhiVQZySClM,Bailo Supermercati,0.554760000000000,"5",45.439738300000002,12.337244099999999,1373375.731004318688065,5691016.992584936320782
ChIJq6rWOdexfkcRf4EwoRS2zq0,Stone Island,0.743985714285714,"7",45.433716099999998,12.336694000000000,1373314.494152433238924,5690061.610527998767793
ChIJqRc9Y1exfkcRngCDA_R66r0,RaniSa Tara Palace,0.000000000000000,"3",45.438493700000002,12.330351200000001,1372608.416886229766533,5690819.536697328090668
ChIJqTF_4MKxfkcRnhMdZiCYtl0,Esportazione Takeaway Pizza (Halal),0.337300000000000,"8",45.442809400000002,12.332082200000000,1372801.110924792941660,5691504.241475302726030
ChIJqYokZwCxfkcRB6Awkw2QXrY,trattoria Poste vecie,0.636000000000000,"1",45.439200000000000,12.333463999999999,1372954.932197170797735,5690931.590713205747306
ChIJq_t62QixfkcRKQN7NSyKNvQ,Supermercato Coop,0.240057142857143,"7",45.442110200000002,12.333144700000000,1372919.387883760733530,5691393.306766094639897
ChIJqcs2AV6xfkcR7rly0S0skfQ,Ristorante Al Mercante,0.929657142857143,"7",45.436057300000002,12.338941400000000,1373564.673576042056084,5690433.014253956265748
ChIJqzZkRzGufkcRiabs3CYIiBk,Giardini della Biennale,0.899850000000000,"8",45.428772199999997,12.358080599999999,1375695.239574232604355,5689277.369808105751872
ChIJqzo0lMaxfkcRhwRo4Wp1DqU,Trefanti,0.816875000000000,"8",45.439711799999998,12.324920799999999,1372003.907523425761610,5691012.788312474265695
ChIJr0jY-mCxfkcR1ryGjqR11Sg,Panini e Vini da Babbo,0.896061538461538,"13",45.433872200000003,12.324171099999999,1371920.451301178196445,5690086.373469740152359
ChIJr18EQdCxfkcR0Z_-pCW8Mqc,Maneki Neko,0.683233333333333,"6",45.434200799999999,12.331657999999999,1372753.889196798205376,5690138.501192997209728
ChIJr24y6dCxfkcRbc8Jjuw7yQk,Taverna La Fenice,0.749125000000000,"16",45.433855999999999,12.333468000000000,1372955.377475134329870,5690083.803577662445605
ChIJoQ5z1OKxfkcRDjYGWnOknUs,Venice Duck Store - The Original,0.804928571428571,"7",45.440798800000003,12.335227000000000,1373151.188459439435974,5691185.244429934769869
ChIJn4dIRTmxfkcRLAwDMBZSFy8,Essenza Zen Parrucchieri,0.409850000000000,"6",45.438935899999997,12.340138400000001,1373697.923006521770731,5690889.691263175569475
ChIJnQ0dHMmxfkcR4MwKa6C217I,Palazzo Foscarini,0.936814285714286,"7",45.434018000000002,12.321680000000001,1371643.143317662877962,5690109.502531645819545
ChIJncoJaVixfkcRurjMBgZ90xs,TUDAY CONAD,0.561471428571429,"7",45.428471600000002,12.331167799999999,1372699.320382411358878,5689229.688461787067354
ChIJnfh-QKyxfkcR4nRlnMX3dBg,CONAD CITY,0.653440000000000,"5",45.434023000000003,12.324045600000000,1371906.480705083580688,5690110.295710410922766
ChIJo7Gd6SWufkcR69KQsc33ux4,Trattoria Pizzeria da Paolo,0.457283333333333,"12",45.434577699999998,12.349671799999999,1374759.176240050233901,5690198.291399030946195
ChIJo8xJv86xfkcR9oGuYgB1fxY,TRATTORIA PIZZERIA PAN E VIN,0.968700000000000,"6",45.432769000000000,12.324265000000000,1371930.904201363679022,5689911.368677288293839
ChIJoZ7wD8SxfkcRnG6X0BnuTho,Trattoria Alla Ferrata,0.933214285714286,"7",45.440291100000003,12.325270800000000,1372042.869345203507692,5691104.695745192468166
ChIJp3E4MI-xfkcRMke-YEst-2g,Crai SanMarco Supermarket,0.076740000000000,"5",45.434830900000001,12.337617500000000,1373417.297702180920169,5690238.458458420820534
ChIJp8qkZs-xfkcRhQyan0VkUgA,Al Vecio Forno,0.965533333333334,"6",45.435808000000002,12.326259200000001,1372152.897529903799295,5690393.465020639821887
ChIJpRrqE9ixfkcR0jtQYBcvoqo,Antica Osteria Ai Tre Leoni,0.971783333333333,"12",45.435584499999997,12.341794300000000,1373882.256951326504350,5690358.008876971900463
ChIJpUMA4-mxfkcRvU3XkrASUiM,Trattoria Misericordia,0.964300000000000,"8",45.444243000000000,12.332769600000001,1372877.631942764157429,5691731.700006906874478
ChIJpUqC2NCxfkcR9hina6HP1l4,Deutsche Bank,-0.054450000000000,"6",45.436192200000001,12.335015600000000,1373127.655519085936248,5690454.415015030652285
ChIJpVrcEduxfkcRakLUKxMDp6E,Giuman Veronica,0.109216666666667,"6",45.437991500000003,12.334169200000000,1373033.434702078346163,5690739.863861207850277
ChIJpaT56J2xfkcRx709ltd-AwM,Delicious,0.177940000000000,"5",45.445364800000000,12.329172200000000,1372477.171206584433094,5691909.691608383320272
ChIJ8TjRP9mxfkcRP3vgrThqqfw,Art Studio Acconciature Giulio,0.621137500000000,"8",45.438188199999999,12.338455900000000,1373510.627963261911646,5690771.069764114916325
ChIJ8UI-5bKxfkcRLOPPLdISCws,Luggage Storage St Mark's Square 24/7 - Radical Storage,0.084512500000000,"8",45.434120200000002,12.334539200000000,1373074.622913671890274,5690125.715119577012956
ChIJ8XDj8TCufkcRJGwKLaDr_5M,Trattoria Dai Tosi,0.517880000000000,"5",45.431220600000003,12.357246399999999,1375602.376855012960732,5689665.745893568731844
ChIJ8c4ZRNuxfkcRBJ6LsHdv7XM,Farini,0.879033333333333,"12",45.439129100000002,12.334205100000000,1373037.431071798084304,5690920.342412968166173
ChIJ8dgmsdixfkcRDo9ch-rzKsM,Osteria Alla Staffa,0.948983333333333,"6",45.438392000000000,12.342812700000000,1373995.624720749910921,5690803.402176839299500
ChIJ8evwH0ivfkcRPqmIR7VYEwo,Il Porticciolo,0.672525000000000,"8",45.426407900000001,12.341498600000000,1373849.339777898509055,5688902.350026503205299
ChIJ8xpbLNixfkcRjC-xmqQ2cqM,Trattoria Ai Leoncini,0.924850000000000,"8",45.435237000000001,12.339684600000000,1373647.406221599783748,5690302.881594690494239
ChIJ8zDTVRqxfkcR8cJ1UqMXQEM,ZURICHMAKEUPANDHAIR,0.246612500000000,"8",45.435656199999997,12.318602600000000,1371300.568716695765033,5690369.383382929489017
ChIJ90HGZdyxfkcRr2fcXGrHxIM,Taverna al Remer,0.920075000000000,"8",45.439402800000003,12.336444400000000,1373286.708807531278580,5690963.765054827556014
ChIJ874TlM2xfkcRURx51s9br00,Truccatrice a venezia sara venice sole lagunare,0.400214285714286,"7",45.438483499999997,12.339031900000000,1373574.747989958617836,5690817.918484521098435
ChIJ9QINYMOxfkcR6hH0Shnsxbo,Ca' Ve Caff¨¨ S.r.l.,0.940750000000000,"8",45.440480000000001,12.331049999999999,1372686.206946396036074,5691134.665419332683086
ChIJ9S2czduxfkcRTmOXhLOne9A,CrÃ©dit Agricole Italia,0.136785714285714,"7",45.437479000000003,12.336918000000001,1373339.429718371015042,5690658.557685629464686
ChIJ9SuaEXGxfkcRdwM6ljh9unk,TRATTORIA AL POGGIO,0.876642857142857,"7",45.443700300000003,12.325996099999999,1372123.609371876111254,5691645.593199021182954
ChIJ9TxT0sixfkcRSu2E-V89JJw,The Caffe Rosso,0.492525000000000,"16",45.434504900000000,12.323559100000001,1371852.323772812727839,5690186.742609626613557
ChIJ9Vm_qtyxfkcRdOAUnO0tYRI,Nomination Italy Store Venezia,0.845125000000000,"8",45.436439999999997,12.335521000000000,1373183.916389733087271,5690493.726553780958056
ChIJ9WhZuDCxfkcRuamB_hLk1NY,Texhair Venezia,0.917683333333333,"6",45.441195200000003,12.337219500000000,1373372.992544845445082,5691248.135417633689940
ChIJ9YFLCwCxfkcR3ddyifUm9HM,Starbucks - Venezia Rialto,0.462050000000000,"16",45.437287800000000,12.336584000000000,1373302.249008446000516,5690628.224722046405077
ChIJ9bBst9uxfkcRXzZCblFS4_M,DI luca,0.000000000000000,"3",45.438014899999999,12.335936200000001,1373230.136242310283706,5690743.576199827715755
ChIJ9d7HNtexfkcR0hzPtTFWAo4,"Ristorante ""Dallo Zio"" San Marco",0.932042857142857,"7",45.435553499999997,12.338746000000000,1373542.921747541055083,5690353.091033681295812
ChIJ7Sym6tixfkcRS9s7MPlSBfw,ATM (Euronet),0.000000000000000,"3",45.437976599999999,12.342321600000000,1373940.955718821613118,5690737.500022459775209
ChIJ6WGrZNexfkcRdz6PR9hSIZg,Caff¨¨ Lavena,0.649712500000000,"16",45.434523599999999,12.338501600000001,1373515.715263991151005,5690189.709124163724482
ChIJ6WhJ69CxfkcR7Ye0C7m1Jto,The Merchant Of Venice,0.892137500000000,"8",45.434091000000002,12.334096000000001,1373025.286115352297202,5690121.082948600873351
ChIJ6f-9T9qxfkcRnA0o_f8LfSQ,Supermercato Despar Rialto,0.748533333333333,"6",45.436966499999997,12.335071100000000,1373133.833750824909657,5690577.252248506993055
ChIJ6wxsY8axfkcRGY5RD644dR8,Ca' de le Colonnette - Saint Mark's Square,-0.191200000000000,"3",45.435182800000000,12.337325000000000,1373384.736751123797148,5690294.283355654217303
ChIJ6yHgwLixfkcRx9UiMxQnVs0,Station Garden,-0.026514285714286,"7",45.440791900000001,12.318652800000001,1371306.156955133890733,5691184.149711810052395
ChIJ72z9TyOufkcRfMNTrKRC1T0,Ristorante - Pizzeria da Roberto,0.852242857142857,"7",45.435018300000003,12.342379200000000,1373947.367721491027623,5690268.187274827621877
ChIJ73ef9TaufkcRBJMLBznitp4,Trattoria Da Mario,0.501233333333333,"6",45.428836699999998,12.361561099999999,1376082.687061938690022,5689287.600868598558009
ChIJ75inZtixfkcRj_rA0Q5efss,Trattoria Agli Artisti,0.953041666666667,"12",45.436473300000003,12.342095300000000,1373915.764118055114523,5690499.009352412074804
ChIJ7STNhsaxfkcROoyvAzMAU1A,Rio T¨¦ra de la Maddelena,0.000000000000000,"1",45.443517399999998,12.330840200000001,1372662.852117227623239,5691616.573788881301880
ChIJ9wejcJWxfkcRVsZ54M2dJUA,Trattoria Alla Fontana,0.547216666666667,"6",45.444564600000000,12.324124800000000,1371915.297208754578605,5691782.726654308848083
ChIJ7UEXXTCufkcRdPJ-681QOiA,Trattoria alla Rampa,0.956200000000000,"6",45.432394700000003,12.355579499999999,1375416.818395809503272,5689851.992828512564301
ChIJ7X-GKRexfkcRx7ca9m10OoU,Trattoria Pizzeria San Zulian,0.595266666666667,"6",45.435993900000000,12.338979000000000,1373568.859188895905390,5690422.956389846280217
ChIJ7eLrdpWxfkcRXzu8qn2v3GY,Trattoria Da Gigio,0.924642857142857,"7",45.443666499999999,12.327126399999999,1372249.433792319381610,5691640.230392247438431
ChIJ7fgaSa-vfkcRaKoYQt-57Yc,TRATTORIA GARIBALDI,0.945060000000000,"10",45.432379400000002,12.353393499999999,1375173.473988935351372,5689849.565771737135947
ChIJ7ze9UtexfkcRmYR7tyOG714,Venice Tours,0.631762500000000,"8",45.434752000000003,12.336771000000001,1373323.065753224305809,5690225.941926509141922
ChIJ83pQfNexfkcRiJk_jXu8IMw,Palesa Gallery,0.487214285714286,"7",45.434704500000002,12.338910400000000,1373561.222671827534214,5690218.406633733771741
ChIJDXW9lr2vfkcRXiUK8GgOKVc,Park Giardini Marinaressa,0.606914285714286,"7",45.430901800000001,12.354052599999999,1375246.844665317097679,5689615.175467216409743
ChIJC1woG5WxfkcRNPEkno7jC30,MS FASHION Parrucchiere Estetica,0.830971428571429,"7",45.437870699999998,12.333484500000001,1372957.214246732415631,5690720.699334181845188
ChIJC5Nv-c6xfkcRSN1wy2n769c,Giardini di Ca' Rezzonico,0.530250000000000,"8",45.433586800000000,12.325755900000001,1372096.870430187555030,5690041.099059253931046
ChIJC9bavOOxfkcRQ1E-5SEBVZw,Ristorante Wist¨¨ria,0.161725000000000,"4",45.435772800000002,12.326691800000001,1372201.054341620998457,5690387.880866996943951
ChIJCQ7qZgCxfkcRlbTHDgHEEOA,Parchetto di Sacca Fisola,0.000000000000000,"1",45.427457300000000,12.315125699999999,1370913.521979156648740,5689068.801481524482369
ChIJCSxus6KvfkcRo8GudHNdLgQ,trattoria a Venezia,0.333550000000000,"2",45.434525299999997,12.346928100000000,1374453.748953160597011,5690189.978807352483273
ChIJCYDhhN6xfkcRYmJSF2HgGsU,Trattoria Cea,0.950271428571429,"7",45.440917800000001,12.339830800000000,1373663.681131153833121,5691204.124372260645032
ChIJCyqRDTCufkcRRl6tW0Q_Ogw,Caff¨¨ La Serra,0.694216666666667,"12",45.430785600000000,12.355385999999999,1375395.278074341127649,5689596.743030274286866
ChIJDSpovNOxfkcRFQ9KM9XzE9o,L'arte di Casanova,0.364685714285714,"7",45.443372699999998,12.324973500000000,1372009.774060590891168,5691593.615361022762954
ChIJDeEqc9-xfkcRwVCON7ZVEas,Ospedale SS. Giovanni e Paolo Pronto Soccorso,0.284012500000000,"8",45.440739999999998,12.344555300000000,1374189.610065406421199,5691175.915531953796744
ChIJVTmzYtyxfkcRtyqrogxLZEk,Trattoria Da Gianni,0.927500000000000,"8",45.440527500000002,12.335822600000000,1373217.490348156075925,5691142.201483408920467
ChIJDwrqGduxfkcR_ducPG9wXTY,La Cantina Enoteca,0.124980000000000,"5",45.438292599999997,12.333515200000001,1372960.631755099631846,5690787.632575280033052
ChIJDxfGMoqxfkcRTAlVaovUJNs,RistoPub Rossini,0.955000000000000,"7",45.435139700000001,12.333087799999999,1372913.053804734721780,5690287.446016484871507
ChIJE1SUTcGxfkcRV6uPsqrHtM4,Trattoria-Pizzeria All'Anfora,0.967971428571429,"7",45.441001900000003,12.325405099999999,1372057.819552816916257,5691217.467279887758195
ChIJE69fW8ixfkcRHjkrAqgo0h4,Punto Immagine,0.537957142857143,"7",45.435211799999998,12.320393200000000,1371499.897396910469979,5690298.883888429030776
ChIJAd9wCjGxfkcRuwntZ1IOBos,La Mascaretta,0.701200000000000,"6",45.436529499999999,12.325931900000000,1372116.462660567136481,5690507.925073687918484
ChIJA42cYdexfkcRLcdNrF4HC2A,Ristorante Ai Dogi Veneziani,-0.026650000000000,"8",45.434735400000001,12.338169100000000,1373478.701533302431926,5690223.308539261110127
ChIJA9tf5O2xfkcRwmk91TVz0wI,Trattoria San Polo,0.887441666666667,"12",45.437313400000001,12.330464900000001,1372621.073912332998589,5690632.286033385433257
ChIJAQBQz8CxfkcR4qyIvcYaZt0,Supermercato Despar Cannaregio (ex Brek),0.566916666666667,"6",45.441884000000002,12.322847700000001,1371773.131087062414736,5691357.418285794556141
ChIJAWjNYqixfkcRFr-55wnppe4,Claire's,0.174550000000000,"8",45.441820700000001,12.332978700000000,1372900.908848288934678,5691347.375248772092164
ChIJAYrmAtqxfkcRcn-5TVq_z34,Bistrot de Venise,0.800900000000000,"8",45.435568900000000,12.336487399999999,1373291.495545635232702,5690355.534090978093445
ChIJA_xkDjCufkcRVszfhzMNfoc,Bar Mio,0.376025000000000,"8",45.432552100000002,12.355179200000000,1375372.257203645072877,5689876.961411570198834
ChIJAcPbGcGxfkcRM93r37RUrP4,Trattoria Alle Lanternine,0.587453846153846,"13",45.442893200000000,12.332493899999999,1372846.941159152425826,5691517.537232084199786
ChIJ6THq-5mxfkcRWtP4HQOYbXM,Nonna Bruna,0.945516666666667,"12",45.435692500000002,12.325800200000000,1372101.801883629523218,5690375.142029533162713
ChIJAxIOEQCxfkcRHrR-jNA3CxM,Trattoria da Michele,0.881087500000000,"8",45.443648500000002,12.326482499999999,1372177.755172197706997,5691637.374460957944393
ChIJAy5F1S-ufkcReQqjg_LgAwo,Giardini della Marinaressa,0.884671428571429,"7",45.431460299999998,12.352596800000001,1375084.785750620765612,5689703.769077920354903
ChIJB37pH9exfkcRDt3AyCFLs00,Gucci - Venezia,0.831612500000000,"8",45.432875099999997,12.335144000000000,1373141.948941703652963,5689928.199573271907866
ChIJBRIbDPWxfkcRTXyHjS-4gs8,da Aldo,0.438400000000000,"7",45.439449300000000,12.329953300000000,1372564.122860843082890,5690971.142324010841548
ChIJBchrhcGxfkcRKvtKrsFGLUQ,Flying Tiger Copenhagen,0.486814285714286,"7",45.443802499999997,12.327325300000000,1372271.575239038560539,5691661.808569222688675
ChIJBd_r7NyxfkcRlyNJ3mJUl6w,Trattoria Il Vagone,0.959012500000000,"8",45.441899599999999,12.322017300000001,1371680.691381907556206,5691359.893348781391978
ChIJBdfMVjCufkcR2KNvuW0YIgY,Trattoria Ai Tosi Grandi,0.787125000000000,"8",45.431180599999998,12.356668800000000,1375538.078717130469158,5689659.400780486874282
ChIJ1RJuVPCxfkcREhdHIabY_4M,Pizzeria Trattoria Conca D'Oro,0.625780000000000,"10",45.435141100000003,12.341305100000000,1373827.799456429900602,5690287.668110947124660
ChIJ0aMhWsKxfkcR5qtwuNrNGDw,Trattoria Della Maddalena,0.619900000000000,"7",45.443565100000001,12.330599299999999,1372636.035251895431429,5691624.141991205513477
ChIJ0c1CtrmxfkcRZvnl2JFuud4,Intesa Sanpaolo S.p.A.,0.197600000000000,"7",45.437298200000001,12.319633100000001,1371415.283451958326623,5690629.874629556201398
ChIJ0dfPyNqxfkcRz_yyx14rh2k,Salone Bler,0.570525000000000,"8",45.438239199999998,12.329757600000001,1372542.337636494776234,5690779.160788726992905
ChIJ0ebQM9ixfkcRDTR5teRWxMo,All'Angelo Art Caf¨¦,0.953866666666667,"6",45.435726099999997,12.339912999999999,1373672.831593296723440,5690380.472350350581110
ChIJ0ed3xcCxfkcRSHOr-COJ2ZA,Trattoria Bella Venezia,0.805750000000000,"8",45.441933599999999,12.323019100000000,1371792.211247784318402,5691365.287719203159213
ChIJ109SJcexfkcRfPSXe81iqg8,ATM MPS,-0.035133333333333,"3",45.440702000000002,12.322690600000000,1371755.642795058898628,5691169.886657480150461
ChIJ11kFLYCxfkcRqjcZbi2KDZ8,PONTE Maschere Veneziane,0.365125000000000,"8",45.436407099999997,12.339871499999999,1373668.211834428831935,5690488.507215250283480
ChIJz1L6P8WxfkcRlCCH5hyhlGs,Trattoria Al Campanile,0.653962500000000,"8",45.436987600000002,12.329670600000000,1372532.652840795926750,5690580.599638270214200
ChIJ15jpdpWxfkcRnfeEMJqB0vw,Ballarin Paolo E C. S.n.c. Alimentari,0.079337500000000,"8",45.443907899999999,12.328603500000000,1372413.863812170457095,5691678.531692158430815
ChIJ0aFM2dCxfkcRwJXerh4XVQc,FERRAGAMO Venice Store,0.640871428571429,"7",45.432899900000002,12.335295000000000,1373158.758184813428670,5689932.133660969324410
ChIJ20nF8DCufkcRig79nN4RFr0,Il Bello Delle Donne - Parrucchiera,0.131371428571429,"7",45.431127300000000,12.356908499999999,1375564.761999073904008,5689650.945924295112491
ChIJ26JlZ1KxfkcRa8Nxp_AIzXQ,Alba Veneta SRL store,0.034937500000000,"8",45.438409200000002,12.333876200000001,1373000.818091276101768,5690806.130923590622842
ChIJ26PwhSmufkcRtjkpQFLjG5k,St. George the Greater Lighthouse,-0.029062500000000,"8",45.430180800000002,12.343197600000000,1374038.471592756453902,5689500.806139926426113
ChIJ2TXtcKCxfkcRm4n6tj9AKTE,Venezia FC Store | Rialto,0.175900000000000,"8",45.437049399999999,12.336045800000001,1373242.336858501192182,5690590.403848662041128
ChIJ2U8lAQCxfkcRR7a2THw35UU,Grand Salon Diva,0.193920000000000,"5",45.446208400000003,12.329451700000000,1372508.285004261182621,5692043.544639858417213
ChIJ2VxIkieufkcR8anxPVoxbhs,Trattoria Ali D'oro,0.938862500000000,"8",45.435597700000002,12.343813800000000,1374107.066662983270362,5690360.102927192114294
ChIJ005Zil-xfkcRu1HlqZ0jJjE,Texhair Rialto,0.176262500000000,"8",45.439056200000003,12.333779500000000,1372990.053496516309679,5690908.776827037334442
ChIJ-0cUcNexfkcRHnYrFFMKTTo,St. Mark¡¯s Museum,0.478112500000000,"8",45.434449299999997,12.339381500000000,1373613.665283940499648,5690177.922390387393534
ChIJ-1XgmsOxfkcRBSvsfC6JcD0,trattoria pizzeria Antico Capon,0.816612500000000,"8",45.434212700000003,12.323972899999999,1371898.387778102885932,5690140.388964689336717
ChIJ-6E3ZMWxfkcRd4cCWPhkN5o,Caffe Dei Frari,0.959020000000000,"10",45.437334499999999,12.327251499999999,1372263.359860617667437,5690635.633443728089333
ChIJ-7J7teexfkcRTP11x6E3dTQ,Venice Duck Store - The Original,0.721750000000000,"8",45.435771699999997,12.338169300000001,1373478.723797200713307,5690387.706362251192331
ChIJ-Z8q-iaufkcRSHPIACQrc5w,Giardino Ordine di Malta,0.000000000000000,"3",45.436579999999999,12.346990099999999,1374460.650761590106413,5690515.936538994312286
ChIJ-b7c09mxfkcRj1Wl0joktbw,Banco BPM,-0.102437500000000,"8",45.435512400000000,12.340205299999999,1373705.370280455797911,5690346.570929488167167
ChIJ-zM-I8KxfkcRD-Aamsp_q7s,Goppion Caffetteria,0.066250000000000,"16",45.444039500000002,12.328691800000000,1372423.693323207087815,5691699.411840179003775
ChIJ01BjfdCxfkcRlnsWjSs7NtU,Al Vecio Canton,0.937600000000000,"7",45.435975700000000,12.342549200000001,1373966.292034925892949,5690420.069118641316891
ChIJ01E_tTKwfkcRthtw7OThErk,Ortofrutta Vianello,0.061437500000000,"8",45.426656800000003,12.325114500000000,1372025.470108792418614,5688941.829227375797927
ChIJx1oWVb-xfkcR89HzKQBkF24,Forexchange,0.008487500000000,"8",45.441383399999999,12.321046600000001,1371572.633552194805816,5691277.994512500241399
ChIJ07kcwNmxfkcRU3ZgA8KN4es,Trattoria Alla Scala,0.935637500000000,"8",45.436112000000001,12.338039999999999,1373464.330187041079625,5690441.691947053186595
ChIJ0TUq0MSxfkcRoeISOD1A4ps,Trattoria Antiche Carampane,0.936166666666667,"6",45.438652500000003,12.331109600000000,1372692.841588047100231,5690844.730087378062308
ChIJ0X82SduxfkcR9IV-rzV2xTk,Ostaria al Garanghelo,0.679857142857143,"7",45.439338399999997,12.332716800000000,1372871.754273650003597,5690953.547943674027920
ChIJ0XV8_NmxfkcRCh2nR-5OjGM,Trattoria le Colonete,0.721342857142857,"7",45.435243000000000,12.337014300000000,1373350.149785334477201,5690303.833429778926075
ChIJ0_iHNtexfkcR-Jq4exsLGXA,Pietro Panizzolo,0.475900000000000,"8",45.433165899999999,12.336843900000000,1373331.180944103049114,5689974.330032870173454
ChIJ607_Mw2xfkcRvL0fys006qE,Parfin Dolse Gourmet,0.969320000000000,"10",45.442439299999997,12.307736999999999,1370091.015657532494515,5691445.521430069580674
ChIJ56UT99exfkcRW1lhaYWrYu0,Bar Trattoria Chinellato,-0.073600000000000,"10",45.434463399999999,12.341411900000001,1373839.688378046965227,5690180.159171782433987
ChIJ5UMSHt2xfkcR9yljIOq25sg,Campo San Geremia,0.473737500000000,"8",45.443023400000001,12.324939900000000,1372006.033725700108334,5691538.194879057817161
ChIJ5XQsLtexfkcRTiRSPEpj8qA,Penthouse San Marco Square,0.215850000000000,"8",45.433280600000003,12.336223199999999,1373262.084936167811975,5689992.525296711362898
ChIJ5aMYsaWxfkcR1vVOTJ63MfU,Trattoria Santo Stefano,0.739666666666667,"6",45.432656700000003,12.330211700000000,1372592.887817264068872,5689893.554294987581670
ChIJ5ckmfdCxfkcRr1mfpnsfICU,Ristorante Rosa Rossa,0.899100000000000,"8",45.434846200000003,12.333199400000000,1372925.477059907047078,5690240.885620627552271
ChIJ5ejn8t2xfkcRfx8EflCAp30,Tortuga,0.816925000000000,"8",45.443777500000003,12.338821299999999,1373551.304105197777972,5691657.841988671571016
ChIJ5wciOvqxfkcR2w_N8JSx1qw,Venice Art Beauty,0.467885714285714,"7",45.443788599999998,12.329110099999999,1372470.258266205899417,5691659.603150219656527
ChIJ4e3-l8SxfkcRWEkpCMaWa1c,"""Mozumder Nobi""",0.208150000000000,"6",45.437641399999997,12.341633099999999,1373864.312249410199001,5690684.321747973561287
ChIJ60rt1M6xfkcRJmFX8JpJ7LQ,Ristorante Pizzeria Ai Sportivi,0.942660000000000,"5",45.433811499999997,12.323622600000000,1371859.392560478299856,5690076.744310008361936
ChIJ62Liw9ixfkcRM7UyC4-A7MA,Fastweb Store,0.224628571428571,"7",45.443826700000002,12.328068099999999,1372354.263356799492612,5691665.648220873437822
ChIJ64Vljs6xfkcR5Z6MnrdZIqM,Coka Club Venezia,0.272950000000000,"8",45.432211799999997,12.325487400000000,1372066.981146909529343,5689822.979232112877071
ChIJ64dcl8GxfkcRir6zdJPhuwI,Intesa Sanpaolo S.p.A.,0.168487500000000,"8",45.443903300000002,12.327031300000000,1372238.847308745142072,5691677.801839843392372
ChIJ30OM4cCxfkcRhhW2TOfXnWA,La Lista Venezia,0.908642857142857,"7",45.442632400000001,12.324177400000000,1371921.152613970451057,5691476.158617175184190
ChIJ3Q5kMWGxfkcR4fo9rJXId18,Caffe Aurora,0.116340000000000,"10",45.433788300000003,12.338706300000000,1373538.502363756299019,5690073.063974924385548
ChIJ3QiKr9uxfkcRiL8RdmyrTaQ,WindTre Store,-0.098900000000000,"8",45.438257100000001,12.335507399999999,1373182.402444658102468,5690782.000581455416977
ChIJ3SGHKkyxfkcRnA9Gwu-N5dU,Pasta Go ? Espresso,0.521433333333333,"6",45.436676300000002,12.339972700000001,1373679.477366897277534,5690531.213867953978479
ChIJ3eh3c9uxfkcREgK9DBgPYIo,UniCredit,-0.089562500000000,"8",45.439180999999998,12.334855100000000,1373109.788740813499317,5690928.576357734389603
ChIJ3faXZgCxfkcRcXIYPtxDyvU,Ospedale SS. Giovanni e Paolo - Pronto Soccorso - entrata notturna,-0.659066666666667,"6",45.441189000000001,12.343656800000000,1374089.589502928312868,5691247.151750954799354
ChIJ3zkWVM-xfkcRj-3yBrK8NlI,La Tecia Vegana,0.796900000000000,"7",45.433001699999998,12.313603499999999,1370744.071450271178037,5689948.282474542967975
ChIJ4-oBU9uxfkcR-IOuYizj27k,SUSY STUDIO,0.007371428571429,"7",45.439834099999999,12.332493400000001,1372846.885499407537282,5691032.191442977637053
ChIJ464g_96xfkcR15BseVSeynA,Squero Vecio,0.167900000000000,"6",45.441452699999999,12.342033300000001,1373908.862309625837952,5691288.989411524496973
ChIJ46E3ZMWxfkcRqq6RL98pX24,Conad city,0.513583333333333,"6",45.437171300000003,12.328132699999999,1372361.454595904797316,5690609.742605820298195
ChIJ47izoNCxfkcRgC2T7BLyYgw,Atmosfera Veneziana,0.535000000000000,"5",45.435122000000000,12.335298500000000,1373159.147803031373769,5690284.638108408078551
ChIJ4QoO6tmxfkcRvv_pTN9BtXo,Negozio Foto Venezia,0.475400000000000,"1",45.435816899999999,12.338001100000000,1373459.999858849216253,5690394.876923674717546
ChIJ4WlQMySxfkcR4oWWUROuE8s,Banca Monte dei Paschi di Siena S.p.A.,0.249885714285714,"7",45.437881800000000,12.337066500000001,1373355.960662753786892,5690722.460311360657215
ChIJ4bDF-U6vfkcRvTHk4UHdAig,SeanStyle,0.509757142857143,"7",45.434873000000003,12.347123600000000,1374475.511913610855117,5690245.137122025713325
ChIJPUIUaMaxfkcRlEyIwtoimqY,PARRUCCHIERI TROLESE - HAIR ART STUDIOS,0.595700000000000,"8",45.435553900000002,12.327828999999999,1372327.646866550901905,5690353.154489707201719
ChIJNxXIgNexfkcResLjhXLuNAU,Ristorante da Raffaele,0.956385714285714,"7",45.432392499999999,12.333642200000000,1372974.769330430310220,5689851.643839915283024
ChIJNztwAtqxfkcRNt7DMjCg0E4,Trattoria Pizzer¨ªa Da Gioia,0.771337500000000,"8",45.435411400000000,12.336667800000001,1373311.577581774909049,5690330.548309177160263
ChIJO1EoMsOxfkcRwRDx9wSIG6o,UniCredit,0.149850000000000,"8",45.441858500000002,12.332830400000001,1372884.400167804444209,5691353.372511231340468
ChIJO1ca3xaxfkcRuhZvMpxsQMM,DHL STORE VENEZIA,0.500087500000000,"8",45.442545299999999,12.332264600000000,1372821.415599913569167,5691462.339344757609069
ChIJOUCDZs-xfkcRLlt5Lp8M92s,Trattoria Dona Onesta,0.971575000000000,"8",45.435815499999997,12.326347699999999,1372162.749304838711396,5690394.654826553538442
ChIJOW2izsCxfkcRGEh4KrIPcpc,Trattoria Povoledo Venezia,0.635050000000000,"8",45.441849499999996,12.323127299999999,1371804.256016688188538,5691351.944591232575476
ChIJOe64b1WxfkcRXPmPkjYpQN4,San Basegio Ristorante,0.537737500000000,"8",45.431288799999997,12.320831099999999,1371548.644201928749681,5689676.564321740530431
ChIJOyxVItixfkcRxy3RCcoLHPA,Baby's Boutique,0.477550000000000,"2",45.435581900000003,12.341799800000000,1373882.869208525633439,5690357.596412593498826
ChIJP08H-CeufkcR4kJVY2m7DFs,Trattoria da Nino Venezia,0.549350000000000,"6",45.434909800000000,12.342625399999999,1373974.774580124299973,5690250.975007831119001
ChIJPWQtJtuxfkcRbiWXiNzcT7A,VizioVirt¨´ Cioccolateria,0.735483333333333,"12",45.438184300000003,12.338510800000000,1373516.739403306506574,5690770.451039005070925
ChIJP_f42tixfkcR3B35wmCYKPk,6342 Alla Corte Ristorante,0.712437500000000,"8",45.438569899999997,12.341591700000000,1373859.703622491331771,5690831.625708138570189
ChIJPcR-146xfkcRLMwCNrpRBHQ,Fortuny,0.217812500000000,"8",45.432578599999999,12.333722000000000,1372983.652625795686617,5689881.165150634944439
ChIJPy3OnHOvfkcR1GUibT72EIc,Oldest Mask store,0.587985714285714,"7",45.435483699999999,12.343031699999999,1374020.003689233912155,5690342.017964164726436
ChIJQ0xy5texfkcRIxbnPrpBLcE,Bancomat,-0.071300000000000,"6",45.441442199999997,12.333537900000000,1372963.158707540482283,5691287.323516864329576
ChIJQ1g5T9uxfkcRQPPcH1EzEkg,Venice General Store,0.648737500000000,"8",45.439391299999997,12.332788799999999,1372879.769276987295598,5690961.940569837577641
ChIJQ4ectXixfkcR7D86oYJCkUU,Aldo Coppola - Venezia,0.676412500000000,"8",45.438511400000003,12.337063000000001,1373355.571044536074623,5690822.344773186370730
ChIJMWjvGdixfkcRj4arXTMU7c0,Trattoria Alla Rivetta,0.454871428571428,"7",45.434939999999997,12.342126700000000,1373919.259550065966323,5690255.765884355641901
ChIJL5RmIy2wfkcRTec0EaSDjbY,Trattoria Altanella,0.928800000000000,"7",45.425406700000003,12.328573199999999,1372410.490831599105150,5688743.546739033423364
ChIJL6R_cQCxfkcRswxSbkqf754,Benches,0.000000000000000,"1",45.442176400000001,12.323830500000000,1371882.535882614087313,5691403.809964822605252
ChIJLSXSmtixfkcRURR_PbcCfyY,Al Gobbo di Rialto,0.695400000000000,"7",45.438259899999998,12.334059000000000,1373021.167294193059206,5690782.444794923067093
ChIJL_OB4cexfkcRkjduhNYGIw8,Trattoria Ai Tre Ponti,0.941425000000000,"8",45.436992099999998,12.319885899999999,1371443.425019230926409,5690581.313536721281707
ChIJLbrmd9exfkcR4YVP0azgB4g,Clock Tower,0.796687500000000,"8",45.434758700000003,12.338966800000000,1373567.501091108191758,5690227.004799895919859
ChIJM9nwCduxfkcR06Ogyho2zak,Intesa Sanpaolo S.p.A.,0.222937500000000,"8",45.435512799999998,12.334370699999999,1373055.865579473320395,5690346.634385465644300
ChIJMT1dFdmxfkcRZ7Jl1r8Uhd0,Baci & Pasta,0.929187500000000,"8",45.438261199999999,12.339456800000001,1373622.047641597222537,5690782.651036898605525
ChIJMYhZ3UOxfkcRy9z-DwuMASQ,Bacaro Vintido',0.957328571428571,"7",45.435700699999998,12.326234700000001,1372150.170202379114926,5690376.442881343886256
ChIJMZO1D9GxfkcRQWaeW2l6vmQ,Club del Doge,0.948400000000000,"8",45.431637400000000,12.333325300000000,1372939.492183797992766,5689731.862239430658519
ChIJMasuBtexfkcRJCxPSAYJlVY,Giardini Reali,0.800114285714286,"7",45.432983900000004,12.338291500000000,1373492.327038975665346,5689945.458809558302164
ChIJN62j2zzle0cRJB6WCKWWcO4,Panificio Giovanni Volpe,0.899471428571428,"7",45.444580400000000,12.325498700000001,1372068.239057155558839,5691785.233567990362644
ChIJN6Zo4i-ufkcRpqOGA5homd8,Hopera - Italian Food,0.927200000000000,"24",45.432282399999998,12.354831500000000,1375333.551416696747765,5689834.178564358502626
ChIJN7kFlOmxfkcRGo4FBCupIBo,Ospedale S. Raffaele Arcangelo Fatebenefratelli,0.166033333333333,"6",45.447401100000000,12.330854900000000,1372664.488513742340729,5692232.792378292419016
ChIJTfB9J8exfkcRg9fLW8cxbH8,Trattoria Marciana,0.009025000000000,"8",45.440435899999997,12.323367599999999,1371831.006090325769037,5691127.668784470297396
ChIJSZprC8ixfkcR4AuLYzIb53k,Rio Novo,0.744237500000000,"8",45.436607100000003,12.320010999999999,1371457.351087528979406,5690520.235763926059008
ChIJSap6otmxfkcREEKsJmwKNgY,Cantina Canaletto S.R.L.,0.920685714285714,"7",45.436796600000001,12.338916500000000,1373561.901720721507445,5690550.298667550086975
ChIJSayMSMKxfkcRZi6o2e5uQKQ,CentroMarca Banca Credito Cooperativo di Treviso e Venezia - Filiale di Venezia,-0.167400000000000,"4",45.441416900000000,12.333609900000001,1372971.173710877774283,5691283.309505291283131
ChIJT88FttuxfkcRNZ3xtPkvqFA,Rivo Alto,0.454375000000000,"8",45.437789500000001,12.336090799999999,1373247.346235586795956,5690707.817241393961012
ChIJT9jLEvGxfkcRYG_rLX2PDSE,SKB Venezia Halal Food,0.443150000000000,"8",45.438780700000002,12.329265599999999,1372487.568447024561465,5690865.068883461877704
ChIJU5rb3c6xfkcRxJm2GopOadY,iQueen Store - negozio vodafone & Iliad - DHL Express,0.025587500000000,"8",45.435229800000002,12.323965200000000,1371897.530618023825809,5690301.739392719231546
ChIJUR8_GduxfkcRtaiBlOfjUog,La Porta d'Acqua,0.807375000000000,"8",45.437262599999997,12.333769600000000,1372988.951433557085693,5690624.226870493963361
ChIJUWG0ituxfkcRHbbE9ThKtV0,La Bottega del Tartufo Venezia 1,0.376075000000000,"8",45.439911799999997,12.336937700000000,1373341.622712339507416,5691044.518719445914030
ChIJUfx0iauxfkcRIjpdmRIteOs,L.G.R Flagship Store Venezia,0.491257142857143,"7",45.435446200000001,12.338452999999999,1373510.305136738577858,5690336.068971155211329
ChIJV-PrrtixfkcRdIL-t7XP96k,Trattoria Bandierette,0.921350000000000,"6",45.438661900000000,12.343610300000000,1374084.413146606879309,5690846.221385988406837
ChIJQ92TITSxfkcRFR_uDJP2BNY,Gio's,0.811528571428571,"7",45.432064099999998,12.335474899999999,1373178.784561207285151,5689799.549512938596308
ChIJQSPE9SaufkcRW3icByzh-pM,Trattoria Da Jonny,0.683550000000000,"8",45.436329800000003,12.347589800000000,1374527.409060218604282,5690476.244161318987608
ChIJQVaZqtKxfkcRy8s8y5RdwYk,Ristorante Casa Cappellari,0.815800000000000,"6",45.438352100000003,12.333553800000001,1372964.928687444422394,5690797.072122172452509
ChIJQfszIQCxfkcReCBDn8pYg5g,Ristorante 369,0.552562500000000,"8",45.435196800000000,12.339560700000000,1373633.613736690487713,5690296.504302214831114
ChIJQwQEE_uxfkcRZSG9wOt8bX0,Edmond Ã  Venise concept store,-0.075550000000000,"4",45.430761799999999,12.329128499999999,1372472.306544836843386,5689592.967716547660530
ChIJQx2MzdmxfkcRsPmiaPMGA2c,Ristorante Centrale Pizzeria,0.848512500000000,"8",45.435354799999999,12.339397000000000,1373615.390736047411337,5690321.569308751262724
ChIJR1tJ7uKxfkcRU5NRHF745io,Ravioleria Venezia,0.107171428571429,"7",45.434149900000001,12.332009200000000,1372792.984601964941248,5690130.426611009053886
ChIJR9tar4OxfkcR7z8FMmc0cMY,Banco BPM,0.170000000000000,"2",45.435189999999999,12.334289999999999,1373046.882096566027030,5690295.425556672737002
ChIJE7NVSMWxfkcR6ySS0V24uE8,Campiello delle Erbe,0.132262500000000,"8",45.436760000000000,12.330411000000000,1372615.073791779112071,5690544.492315236479044
ChIJRWywcNuxfkcRg3m0dxfT4FU,UniCredit,0.161514285714286,"7",45.437120800000002,12.336154199999999,1373254.403891303110868,5690601.731056564487517
ChIJRY06z9mxfkcRiZTLdZbwt9s,Trattoria Do Forni,0.939285714285714,"7",45.435493500000000,12.339277400000000,1373602.076924948720261,5690343.572634991258383
ChIJRYJmKtqxfkcR3h-L56zQ18o,Ristorante da Mario alla Fava,0.884633333333333,"12",45.437206000000003,12.337281000000001,1373379.838693529134616,5690615.247575505636632
ChIJR_1cWNexfkcR2XWwEQtEKVA,Caf¨¦ Venezia,-0.176400000000000,"8",45.435053400000001,12.337523400000000,1373406.822538097156212,5690273.755489947274327
ChIJRf6ilsexfkcR4Rj0vhtVtxI,Giardini Papadopoli,0.570450000000000,"6",45.438298300000000,12.320654500000000,1371528.985179854556918,5690788.536867574788630
ChIJS3fuHcGxfkcROVlPzAAsJxo,Euronet ATM (Forexchange),0.000000000000000,"1",45.441729199999997,12.322938499999999,1371783.238896826514974,5691332.858082471415401
ChIJGXlWOsWxfkcRFqEuLslHNJc,Pizzeria Cico,0.300825000000000,"8",45.437313400000001,12.330464900000001,1372621.073912332998589,5690632.286033385433257
ChIJHV_WQcSxfkcROHyKct-aDw8,La Foglia d'Oro,0.485960000000000,"5",45.439550699999998,12.327822500000000,1372326.923289860598743,5690987.229551446624100
ChIJHXLvhcGxfkcRNyGq_cishhw,Trilab Venezia,0.461000000000000,"8",45.443888100000002,12.327543900000000,1372295.909679725766182,5691675.390154348686337
ChIJHbND786xfkcRj9nhPj_lHjg,Lanterna Magica Negozio di Giocattoli Venezia,0.181971428571429,"7",45.433230700000003,12.325294200000000,1372045.474221288226545,5689984.609479910694063
ChIJHe_jEduxfkcRhnNhPF66afs,Ristorante Caff¨¨ Saraceno,0.970216666666667,"12",45.437925800000002,12.335238199999999,1373152.435237736441195,5690729.440764847211540
ChIJI9T_mcaxfkcRshWDz2Twlyo,Trattoria Agli Amici,0.926950000000000,"8",45.437873300000000,12.321484200000000,1371621.346961365779862,5690721.111815293319523
ChIJIQAAwNCxfkcR4eikGBEtFb8,BNL BNP Paribas,0.193937500000000,"8",45.434715799999999,12.336533800000000,1373296.660770008340478,5690220.199239649809897
ChIJIQgbA9ixfkcR39BwJjnROhc,AeRasse,0.903787500000000,"8",45.434707500000002,12.341863200000001,1373889.926864241948351,5690218.882546774111688
ChIJIV7MIrixfkcR7bQgjW3Rg1o,INTESA SANPAOLO SPA - ATM,0.047042857142857,"7",45.437260299999998,12.319655200000000,1371417.743612704798579,5690623.861987307667732
ChIJIW3b0ByvfkcR5RClte2UFwE,Cleopatra,0.571500000000000,"7",45.434264800000001,12.347761400000000,1374546.511484838789329,5690148.653919391334057
ChIJIWE8wNmxfkcRVtU71JwCZuI,Campiello San Zulian,0.455014285714286,"7",45.435932899999997,12.338444100000000,1373509.314393270295113,5690413.279275739565492
ChIJIakmRcKxfkcR9LsJBnjjF9Q,Trattoria Storica,0.893612500000000,"8",45.442459599999999,12.338195400000000,1373481.629235910484567,5691448.742216945625842
ChIJE7IZRNuxfkcRHdDuaYosSmE,Sora Al Ponte,0.761014285714286,"7",45.439445200000002,12.333273300000000,1372933.703570276731625,5690970.491854871623218
ChIJE8fuDBCxfkcRhpuO0iywaxs,Trattoria Al Bomba,0.929342857142857,"7",45.440888700000002,12.335362099999999,1373166.227722645504400,5691199.507508736103773
ChIJEQLvmaCxfkcRQGkJPDgDzns,Oficina Ormesini,0.979962500000000,"8",45.445398500000003,12.329040900000001,1372462.554957443382591,5691915.038709828630090
ChIJEatM-CeufkcRczNdyxr4XLE,TRATTORIA ZACCARIA,0.874312500000000,"8",45.434902999999998,12.342759600000001,1373989.713655789149925,5690249.896267775446177
ChIJEbIZRNuxfkcRwXqY8Zf2GJY,Vineria Pizzeria,-0.069128571428571,"7",45.439312700000002,12.333200900000000,1372925.644039143109694,5690949.470621517859399
ChIJEyPGeCevfkcR4_-jdaho4VM,?ffentlich Brunnen kostenloses Trinkwasser,0.000000000000000,"7",45.429186299999998,12.356698900000000,1375541.429433803539723,5689343.055006096139550
ChIJF-6zwtSxfkcRb-oypn1GfjI,Ai 3 San Marchi,0.692442857142857,"7",45.441798700000000,12.334196199999999,1373036.440328329801559,5691343.884780406020582
ChIJFQCJjjixfkcRMsVlgmqG0lM,Pizza a domicile,0.222600000000000,"4",45.439751500000000,12.324850899999999,1371996.126291019376367,5691019.086789311841130
ChIJKezuL8OxfkcRicdEQ1XAKQY,Noval Salon,0.850828571428571,"7",45.443539899999998,12.330610399999999,1372637.270898243645206,5691620.143694839440286
ChIJFV63ZdmxfkcRFklML6Yr3x0,Pasticceria Ponte delle Paste - Venezia,0.898100000000000,"8",45.438105499999999,12.338336800000000,1373497.369811908574775,5690757.949627981521189
ChIJFWEtfQ2xfkcR-fjNV3mrZ9o,i&s Farm ll Biologico di Sant'Erasmo,0.221842857142857,"7",45.441531900000001,12.333925199999999,1373006.272746324772015,5691301.555026945658028
ChIJFXsk8SWufkcRBU8kXAMc5rc,TRATTORIA PIZZERIA AE DO MARIE,0.961050000000000,"6",45.436900399999999,12.347954000000000,1374567.951618765713647,5690566.765883942134678
ChIJG0PjSS2wfkcR4_yhPfq6Jdw,Trattoria Ai Cacciatori,0.916250000000000,"6",45.426118000000002,12.327700600000000,1372313.353443932952359,5688856.367842041887343
ChIJJyHZXLixfkcRJ6JsqGwKVF8,Locale Storico Veneto,0.254466666666667,"3",45.441353100000001,12.334675900000001,1373089.840288063511252,5691273.187223231419921
ChIJK1avFQCxfkcRmfMGxR9jSEA,???????????? ???? ?????? ????????,0.000000000000000,"1",45.440847400000003,12.315515100000001,1370956.869788871612400,5691192.955057033337653
ChIJK2YDvCGxfkcRnjgNKZxifOA,Parrucchieri Andya??s Boutique,0.943057142857143,"7",45.440820400000000,12.336557700000000,1373299.321305838180706,5691188.671374491415918
ChIJK36k0ZGxfkcR5vdW3Zygijo,Trattoria Pizzeria da Sara,0.940425000000000,"8",45.435803499999999,12.325306899999999,1372046.887978821061552,5690392.751137168146670
ChIJK5_Nd9exfkcRs5NFdiK-NYo,HERMÃS Venice Store,0.124500000000000,"7",45.433353500000003,12.336867500000000,1373333.808084086049348,5690004.089698964729905
ChIJK6iBP9exfkcRkwD7q8Uwaik,Caff¨¨ Florian,0.740383333333333,"12",45.433609400000002,12.338222999999999,1373484.701653856318444,5690044.684200439602137
ChIJK7JefsexfkcRjXIbYSbG8DM,Nike Store Venezia,0.139387500000000,"8",45.439368700000003,12.319640800000000,1371416.140612037619576,5690958.355061289854348
ChIJK9EyJMSxfkcRO6yQGvr5dyc,??? Inside Out ??? - Salone Parrucchieri Venezia,0.950250000000000,"8",45.433517899999998,12.324382200000001,1371943.950845684856176,5690030.169146531261504
ChIJKSkPZdyxfkcRfRbBCZoU30U,BEPI ANTICO 54 da LORIS,0.622085714285714,"7",45.440804399999998,12.336536499999999,1373296.961332633392885,5691186.132896915078163
ChIJKUqA8EuxfkcRRPdiPLLbxpo,Museum Cafe at Peggy Guggenheim Collection,0.691700000000000,"16",45.430573799999998,12.331537300000001,1372740.452934259548783,5689563.145966586656868
ChIJKVRRjMWxfkcR41EuHgNTCYI,Bottega del Caff¨¨ Dersut,0.879125000000000,"8",45.436495999999998,12.326523999999999,1372182.374931065365672,5690502.610541253350675
ChIJKWHjqNmxfkcR-7L6s4LFDuI,Trattoria Da Gigi,0.946337500000000,"8",45.436882400000002,12.339742299999999,1373653.829356218455359,5690563.910295112058520
ChIJKZFnGQCxfkcRRVmLTc7Ec1c,Resto,0.771300000000000,"1",45.435232499999998,12.341509900000000,1373850.597688144305721,5690302.167718441225588
ChIJKb1DxtmxfkcRXewj8GkDL-Q,A la Bricola,0.042487500000000,"8",45.435756499999997,12.338949200000000,1373565.541868070606142,5690385.295024300925434
ChIJKw1BaduxfkcRoRCavgDEtMI,Farini,0.834550000000000,"8",45.438346799999998,12.333893200000000,1373002.710522619541734,5690796.231288178823888
ChIJJch5bVGxfkcRVBYeAA5vZXg,Croff,0.168600000000000,"8",45.438509600000003,12.337054300000000,1373354.602564966073260,5690822.059206110425293
ChIJIy8iMNCxfkcRbBixeereDMg,Bacaro e Trattoria da Fiore,0.890416666666667,"6",45.433852399999999,12.330469900000001,1372621.630509787006304,5690083.232490633614361
ChIJJ8xRT8-xfkcRe16Z-PdVL3U,Bancomat Unicredit,0.168242857142857,"7",45.435432300000002,12.324967700000000,1372009.128407543990761,5690333.863878750242293
ChIJJWMGsgGxfkcR2b83aKyRpqU,FOPE Flagship Store Venezia,0.400425000000000,"8",45.434189900000000,12.337645800000001,1373420.448043770389631,5690136.772057931870222
ChIJJ9RRQA-vfkcRqfQ-gpkAEtU,Frutta Verdura,0.112071428571429,"7",45.435608000000002,12.345483200000000,1374292.903420913498849,5690361.736921266652644
ChIJWWUC3UixfkcRh1qGMpqX-gM,Royal Garden,0.397750000000000,"4",45.432985899999998,12.338293900000000,1373492.594205753412098,5689945.776075242087245
ChIJLxuh8t2xfkcRcYTxcs_7CFs,Bar Gelateria pizzeria,-0.784500000000000,"1",45.443763599999997,12.338794900000000,1373548.365270640701056,5691655.636570644564927
ChIJXbTnv9CxfkcRd4V3lDUhSQw,Restaurant Anonimo Veneziano,0.961100000000000,"1",45.434117700000002,12.334594800000000,1373080.812277359887958,5690125.318529503419995
ChIJiWB1GtixfkcR1g595YQMoaY,Il Ridotto Restaurant,0.571900000000000,"1",45.435181300000004,12.341701199999999,1373871.893106733448803,5690294.045397127047181
ChIJa4mz6ZixfkcRc_Zsi3ZwG2c,Bar Laguna,0.742500000000000,"2",45.443401399999999,12.324914500000000,1372003.206210633972660,5691598.168962973169982
ChIJ4bQcVlWxfkcRNTc2TirrjhA,Caff¨¨ Poggi dal 1919,0.896033333333333,"6",45.430659800000001,12.329321699999999,1372493.813470457913354,5689576.787818605080247
ChIJ2STVa_KxfkcRuSMGAyXWXmY,Osteria Da Noi 2019,0.984700000000000,"6",45.434273400000002,12.347852200000000,1374556.619294602889568,5690150.018192878924310
ChIJq1_zPoKxfkcR3Z_fgeJXzA0,BB - Parrucchieri,-0.739000000000000,"2",45.436272899999999,12.342278800000001,1373936.191244615707546,5690467.217422133311629
ChIJoapdvcWxfkcRYB83-PdD1X4,L'archivio,0.982800000000000,"8",45.437270699999999,12.327277700000000,1372266.276431276462972,5690625.511894013732672
ChIJx1VMWs-xfkcRaHrmdccQx4M,Impronta Restaurant Venice,0.726100000000000,"1",45.435856000000001,12.325378000000001,1372054.802794616902247,5690401.079781223088503
ChIJQ4y47s6xfkcRm_zwwuAk-T8,L'Osteria San Barnaba,0.903000000000000,"1",45.432726400000000,12.324362199999999,1371941.724455868825316,5689904.610946614295244
ChIJMRcIMdCxfkcRzHVfq_x9SgI,Bar all'Angolo,0.891233333333333,"6",45.433805999999997,12.330652000000001,1372641.901789060560986,5690075.871816640719771
ChIJkWsQ0tuxfkcRzDTWuEfXfdg,Caff¨¨ Rialto,0.910400000000000,"4",45.437548200000002,12.336843800000000,1373331.169812154257670,5690669.535959285683930
ChIJ8_8dFyaufkcR7JMR2_IHCXM,Cantina Antica Vigna Barwine di Benettelli Ferdinando,0.119950000000000,"4",45.434641999999997,12.347172000000000,1374480.899776965612546,5690208.491784480400383
ChIJqYxb0tmxfkcRT8DsjCNJZno,Caff¨¨ Vero,0.821300000000000,"2",45.435226399999998,12.339397000000000,1373615.390736047411337,5690301.200019617564976
ChIJ--1e-luvfkcRBdKpK0JtAiA,Prebateo,0.913966666666667,"6",45.435586100000002,12.345355800000000,1374278.721317786723375,5690358.262701214291155
ChIJKWw021SxfkcRdpfo6Dj1s-U,Tango Bar Venezia,0.977100000000000,"4",45.436357000000001,12.320074999999999,1371464.475534939905629,5690480.559231420978904
ChIJr6O5GmWxfkcRj7m31gy9rXk,Da Mario & I Fioi,0.690800000000000,"2",45.439711899999999,12.340673000000001,1373757.434406299842522,5691012.804177649319172
ChIJZdldC-CxfkcRerZ75BImlNU,Bar Santa Croce,0.638700000000000,"8",45.440592799999997,12.322645100000001,1371750.577758227707818,5691152.561598694883287
ChIJ1eNypSevfkcRPP62CI0ZpH0,SMALL GROCERY SHOP,0.952700000000000,"2",45.434369500000003,12.347696700000000,1374539.309113784460351,5690165.263170052319765
ChIJ4SjT2s6xfkcRfdU0tYuMN4s,Majer - Santa Margherita Bakery Pastry Coffee Bar,0.924833333333333,"6",45.433412300000001,12.324298400000000,1371934.622272356180474,5690013.417375864461064
ChIJ2eKjbcixfkcR9U0eo0hX_0M,Majer - Piazzale Roma bakery pastry coffee bar,0.960666666666667,"6",45.436141999999997,12.320126000000000,1371470.152828970225528,5690446.451197297312319
ChIJp1ItsNmxfkcR-8zfdU1E6Pg,Pizzeria Birreria Barbanera,0.988000000000000,"4",45.436421799999998,12.339539400000000,1373631.242631536442786,5690490.839259750209749
ChIJJaEFR9yxfkcRlm5WW2N6g4Q,Minimarket Coop,0.835700000000000,"2",45.441330800000003,12.337491900000000,1373403.315974137280136,5691269.649186904542148
